0,0,NO DEFINIDO,0
1,1,INTERNACIONAL,1
91263,91,EL ENCANTO,91263
91405,91,LA CHORRERA,91405
91407,91,LA PEDRERA,91407
91430,91,LA VICTORIA,91430
91001,91,LETICIA,91001
91460,91,MIRITI-PARANÁ,91460
91530,91,PUERTO ALEGRÍA,91530
91536,91,PUERTO ARICA,91536
91540,91,PUERTO NARIÑO,91540
91669,91,PUERTO SANTANDER,91669
91798,91,TARAPACÁ,91798
5002,5,ABEJORRAL,5002
5004,5,ABRIAQUÍ,5004
5021,5,ALEJANDRÍA,5021
5030,5,AMAGÁ,5030
5031,5,AMALFI,5031
5034,5,ANDES,5034
5036,5,ANGELÓPOLIS,5036
5038,5,ANGOSTURA,5038
5040,5,ANORÍ,5040
5044,5,ANZA,5044
5045,5,APARTADÓ,5045
5051,5,ARBOLETES,5051
5055,5,ARGELIA,5055
5059,5,ARMENIA,5059
5079,5,BARBOSA,5079
5088,5,BELLO,5088
5086,5,BELMIRA,5086
5091,5,BETANIA,5091
5093,5,BETULIA,5093
5107,5,BRICEÑO,5107
5113,5,BURITICÁ,5113
5120,5,CÁCERES,5120
5125,5,CAICEDO,5125
5129,5,CALDAS,5129
5134,5,CAMPAMENTO,5134
5138,5,CAÑASGORDAS,5138
5142,5,CARACOLÍ,5142
5145,5,CARAMANTA,5145
5147,5,CAREPA,5147
5150,5,CAROLINA,5150
5154,5,CAUCASIA,5154
5172,5,CHIGORODÓ,5172
5190,5,CISNEROS,5190
5101,5,CIUDAD BOLÍVAR,5101
5197,5,COCORNÁ,5197
5206,5,CONCEPCIÓN,5206
5209,5,CONCORDIA,5209
5212,5,COPACABANA,5212
5234,5,DABEIBA,5234
5237,5,DON MATÍAS,5237
5240,5,EBÉJICO,5240
5250,5,EL BAGRE,5250
5148,5,EL CARMEN DE VIBORAL,5148
5697,5,EL SANTUARIO,5697
5264,5,ENTRERRIOS,5264
5266,5,ENVIGADO,5266
5282,5,FREDONIA,5282
5284,5,FRONTINO,5284
5306,5,GIRALDO,5306
5308,5,GIRARDOTA,5308
5310,5,GÓMEZ PLATA,5310
5313,5,GRANADA,5313
5315,5,GUADALUPE,5315
5318,5,GUARNE,5318
5321,5,GUATAPE,5321
5347,5,HELICONIA,5347
5353,5,HISPANIA,5353
5360,5,ITAGUI,5360
5361,5,ITUANGO,5361
5364,5,JARDÍN,5364
5368,5,JERICÓ,5368
5376,5,LA CEJA,5376
5380,5,LA ESTRELLA,5380
5390,5,LA PINTADA,5390
5400,5,LA UNIÓN,5400
5411,5,LIBORINA,5411
5425,5,MACEO,5425
5440,5,MARINILLA,5440
5001,5,MEDELLÍN,5001
5467,5,MONTEBELLO,5467
5475,5,MURINDÓ,5475
5480,5,MUTATÁ,5480
5483,5,NARIÑO,5483
5495,5,NECHÍ,5495
5490,5,NECOCLÍ,5490
5501,5,OLAYA,5501
5541,5,PEÑOL,5541
5543,5,PEQUE,5543
5576,5,PUEBLORRICO,5576
5579,5,PUERTO BERRÍO,5579
5585,5,PUERTO NARE,5585
5591,5,PUERTO TRIUNFO,5591
5604,5,REMEDIOS,5604
5607,5,RETIRO,5607
5615,5,RIONEGRO,5615
5628,5,SABANALARGA,5628
5631,5,SABANETA,5631
5642,5,SALGAR,5642
5647,5,SAN ANDRÉS DE CUERQUÍA,5647
5649,5,SAN CARLOS,5649
5652,5,SAN FRANCISCO,5652
5656,5,SAN JERÓNIMO,5656
5658,5,SAN JOSÉ DE LA MONTAÑA,5658
5659,5,SAN JUAN DE URABÁ,5659
5660,5,SAN LUIS,5660
5664,5,SAN PEDRO DE LOS MILAGROS,5664
5665,5,SAN PEDRO DE URABA,5665
5667,5,SAN RAFAEL,5667
5670,5,SAN ROQUE,5670
5674,5,SAN VICENTE,5674
5679,5,SANTA BÁRBARA,5679
5686,5,SANTA ROSA DE OSOS,5686
5042,5,SANTAFÉ DE ANTIOQUIA,5042
5690,5,SANTO DOMINGO,5690
5736,5,SEGOVIA,5736
5756,5,SONSON,5756
5761,5,SOPETRÁN,5761
5789,5,TÁMESIS,5789
5790,5,TARAZÁ,5790
5792,5,TARSO,5792
5809,5,TITIRIBÍ,5809
5819,5,TOLEDO,5819
5837,5,TURBO,5837
5842,5,URAMITA,5842
5847,5,URRAO,5847
5854,5,VALDIVIA,5854
5856,5,VALPARAÍSO,5856
5858,5,VEGACHÍ,5858
5861,5,VENECIA,5861
5873,5,VIGÍA DEL FUERTE,5873
5885,5,YALÍ,5885
5887,5,YARUMAL,5887
5890,5,YOLOMBÓ,5890
5893,5,YONDÓ,5893
5895,5,ZARAGOZA,5895
81001,81,ARAUCA,81001
81065,81,ARAUQUITA,81065
81220,81,CRAVO NORTE,81220
81300,81,FORTUL,81300
81591,81,PUERTO RONDÓN,81591
81736,81,SARAVENA,81736
81794,81,TAME,81794
88564,88,PROVIDENCIA,88564
88001,88,SAN ANDRÉS,88001
8078,8,BARANOA,8078
8001,8,BARRANQUILLA,8001
8137,8,CAMPO DE LA CRUZ,8137
8141,8,CANDELARIA,8141
8296,8,GALAPA,8296
8372,8,JUAN DE ACOSTA,8372
8421,8,LURUACO,8421
8433,8,MALAMBO,8433
8436,8,MANATÍ,8436
8520,8,PALMAR DE VARELA,8520
8549,8,PIOJÓ,8549
8558,8,POLONUEVO,8558
8560,8,PONEDERA,8560
8573,8,PUERTO COLOMBIA,8573
8606,8,REPELÓN,8606
8634,8,SABANAGRANDE,8634
8638,8,SABANALARGA,8638
8675,8,SANTA LUCÍA,8675
8685,8,SANTO TOMÁS,8685
8758,8,SOLEDAD,8758
8770,8,SUAN,8770
8832,8,TUBARÁ,8832
8849,8,USIACURÍ,8849
11001,11,BOGOTÁ D.C.,11001
13006,13,ACHÍ,13006
13030,13,ALTOS DEL ROSARIO,13030
13042,13,ARENAL,13042
13052,13,ARJONA,13052
13062,13,ARROYOHONDO,13062
13074,13,BARRANCO DE LOBA,13074
13140,13,CALAMAR,13140
13160,13,CANTAGALLO,13160
13001,13,CARTAGENA,13001
13188,13,CICUCO,13188
13222,13,CLEMENCIA,13222
13212,13,CÓRDOBA,13212
13244,13,EL CARMEN DE BOLÍVAR,13244
13248,13,EL GUAMO,13248
13268,13,EL PEÑÓN,13268
13300,13,HATILLO DE LOBA,13300
13430,13,MAGANGUÉ,13430
13433,13,MAHATES,13433
13440,13,MARGARITA,13440
13442,13,MARÍA LA BAJA,13442
13468,13,MOMPÓS,13468
13458,13,MONTECRISTO,13458
13473,13,MORALES,13473
13549,13,PINILLOS,13549
13580,13,REGIDOR,13580
13600,13,RÍO VIEJO,13600
13620,13,SAN CRISTÓBAL,13620
13647,13,SAN ESTANISLAO,13647
13650,13,SAN FERNANDO,13650
13654,13,SAN JACINTO,13654
13655,13,SAN JACINTO DEL CAUCA,13655
13657,13,SAN JUAN NEPOMUCENO,13657
13667,13,SAN MARTÍN DE LOBA,13667
13670,13,SAN PABLO,13670
13673,13,SANTA CATALINA,13673
13683,13,SANTA ROSA,13683
13688,13,SANTA ROSA DEL SUR,13688
13744,13,SIMITÍ,13744
13760,13,SOPLAVIENTO,13760
13780,13,TALAIGUA NUEVO,13780
13810,13,TIQUISIO,13810
13836,13,TURBACO,13836
13838,13,TURBANÁ,13838
13873,13,VILLANUEVA,13873
13894,13,ZAMBRANO,13894
15022,15,ALMEIDA,15022
15047,15,AQUITANIA,15047
15051,15,ARCABUCO,15051
15087,15,BELÉN,15087
15090,15,BERBEO,15090
15092,15,BETÉITIVA,15092
15097,15,BOAVITA,15097
15104,15,BOYACÁ,15104
15106,15,BRICEÑO,15106
15109,15,BUENAVISTA,15109
15114,15,BUSBANZÁ,15114
15131,15,CALDAS,15131
15135,15,CAMPOHERMOSO,15135
15162,15,CERINZA,15162
15172,15,CHINAVITA,15172
15176,15,CHIQUINQUIRÁ,15176
15232,15,CHÍQUIZA,15232
15180,15,CHISCAS,15180
15183,15,CHITA,15183
15185,15,CHITARAQUE,15185
15187,15,CHIVATÁ,15187
15236,15,CHIVOR,15236
15189,15,CIÉNEGA,15189
15204,15,CÓMBITA,15204
15212,15,COPER,15212
15215,15,CORRALES,15215
15218,15,COVARACHÍA,15218
15223,15,CUBARÁ,15223
15224,15,CUCAITA,15224
15226,15,CUÍTIVA,15226
15238,15,DUITAMA,15238
15244,15,EL COCUY,15244
15248,15,EL ESPINO,15248
15272,15,FIRAVITOBA,15272
15276,15,FLORESTA,15276
15293,15,GACHANTIVÁ,15293
15296,15,GAMEZA,15296
15299,15,GARAGOA,15299
15317,15,GUACAMAYAS,15317
15322,15,GUATEQUE,15322
15325,15,GUAYATÁ,15325
15332,15,GÜICÁN,15332
15362,15,IZA,15362
15367,15,JENESANO,15367
15368,15,JERICÓ,15368
15380,15,LA CAPILLA,15380
15403,15,LA UVITA,15403
15401,15,LA VICTORIA,15401
15377,15,LABRANZAGRANDE,15377
15425,15,MACANAL,15425
15442,15,MARIPÍ,15442
15455,15,MIRAFLORES,15455
15464,15,MONGUA,15464
15466,15,MONGUÍ,15466
15469,15,MONIQUIRÁ,15469
15476,15,MOTAVITA,15476
15480,15,MUZO,15480
15491,15,NOBSA,15491
15494,15,NUEVO COLÓN,15494
15500,15,OICATÁ,15500
15507,15,OTANCHE,15507
15511,15,PACHAVITA,15511
15514,15,PÁEZ,15514
15516,15,PAIPA,15516
15518,15,PAJARITO,15518
15522,15,PANQUEBA,15522
15531,15,PAUNA,15531
15533,15,PAYA,15533
15537,15,PAZ DE RÍO,15537
15542,15,PESCA,15542
15550,15,PISBA,15550
15572,15,PUERTO BOYACÁ,15572
15580,15,QUÍPAMA,15580
15599,15,RAMIRIQUÍ,15599
15600,15,RÁQUIRA,15600
15621,15,RONDÓN,15621
15632,15,SABOYÁ,15632
15638,15,SÁCHICA,15638
15646,15,SAMACÁ,15646
15660,15,SAN EDUARDO,15660
15664,15,SAN JOSÉ DE PARE,15664
15667,15,SAN LUIS DE GACENO,15667
15673,15,SAN MATEO,15673
15676,15,SAN MIGUEL DE SEMA,15676
15681,15,SAN PABLO DE BORBUR,15681
15690,15,SANTA MARÍA,15690
15693,15,SANTA ROSA DE VITERBO,15693
15696,15,SANTA SOFÍA,15696
15686,15,SANTANA,15686
15720,15,SATIVANORTE,15720
15723,15,SATIVASUR,15723
15740,15,SIACHOQUE,15740
15753,15,SOATÁ,15753
15757,15,SOCHA,15757
15755,15,SOCOTÁ,15755
15759,15,SOGAMOSO,15759
15761,15,SOMONDOCO,15761
15762,15,SORA,15762
15764,15,SORACÁ,15764
15763,15,SOTAQUIRÁ,15763
15774,15,SUSACÓN,15774
15776,15,SUTAMARCHÁN,15776
15778,15,SUTATENZA,15778
15790,15,TASCO,15790
15798,15,TENZA,15798
15804,15,TIBANÁ,15804
15806,15,TIBASOSA,15806
15808,15,TINJACÁ,15808
15810,15,TIPACOQUE,15810
15814,15,TOCA,15814
15816,15,TOGÜÍ,15816
15820,15,TÓPAGA,15820
15822,15,TOTA,15822
15001,15,TUNJA,15001
15832,15,TUNUNGUÁ,15832
15835,15,TURMEQUÉ,15835
15837,15,TUTA,15837
15839,15,TUTAZÁ,15839
15842,15,UMBITA,15842
15861,15,VENTAQUEMADA,15861
15407,15,VILLA DE LEYVA,15407
15879,15,VIRACACHÁ,15879
15897,15,ZETAQUIRA,15897
17013,17,AGUADAS,17013
17042,17,ANSERMA,17042
17050,17,ARANZAZU,17050
17088,17,BELALCÁZAR,17088
17174,17,CHINCHINÁ,17174
17272,17,FILADELFIA,17272
17380,17,LA DORADA,17380
17388,17,LA MERCED,17388
17001,17,MANIZALES,17001
17433,17,MANZANARES,17433
17442,17,MARMATO,17442
17444,17,MARQUETALIA,17444
17446,17,MARULANDA,17446
17486,17,NEIRA,17486
17495,17,NORCASIA,17495
17513,17,PÁCORA,17513
17524,17,PALESTINA,17524
17541,17,PENSILVANIA,17541
17614,17,RIOSUCIO,17614
17616,17,RISARALDA,17616
17653,17,SALAMINA,17653
17662,17,SAMANÁ,17662
17665,17,SAN JOSÉ,17665
17777,17,SUPÍA,17777
17867,17,VICTORIA,17867
17873,17,VILLAMARÍA,17873
17877,17,VITERBO,17877
18029,18,ALBANIA,18029
18094,18,BELÉN DE LOS ANDAQUÍES,18094
18150,18,CARTAGENA DEL CHAIRÁ,18150
18205,18,CURILLO,18205
18247,18,EL DONCELLO,18247
18256,18,EL PAUJIL,18256
18001,18,FLORENCIA,18001
18410,18,LA MONTAÑITA,18410
18460,18,MILÁN,18460
18479,18,MORELIA,18479
18592,18,PUERTO RICO,18592
18610,18,SAN JOSÉ DEL FRAGUA,18610
18753,18,SAN VICENTE DEL CAGUÁN,18753
18756,18,SOLANO,18756
18785,18,SOLITA,18785
18860,18,VALPARAÍSO,18860
85010,85,AGUAZUL,85010
85015,85,CHAMEZA,85015
85125,85,HATO COROZAL,85125
85136,85,LA SALINA,85136
85139,85,MANÍ,85139
85162,85,MONTERREY,85162
85225,85,NUNCHÍA,85225
85230,85,OROCUÉ,85230
85250,85,PAZ DE ARIPORO,85250
85263,85,PORE,85263
85279,85,RECETOR,85279
85300,85,SABANALARGA,85300
85315,85,SÁCAMA,85315
85325,85,SAN LUIS DE PALENQUE,85325
85400,85,TÁMARA,85400
85410,85,TAURAMENA,85410
85430,85,TRINIDAD,85430
85440,85,VILLANUEVA,85440
85001,85,YOPAL,85001
19022,19,ALMAGUER,19022
19050,19,ARGELIA,19050
19075,19,BALBOA,19075
19100,19,BOLÍVAR,19100
19110,19,BUENOS AIRES,19110
19130,19,CAJIBÍO,19130
19137,19,CALDONO,19137
19142,19,CALOTO,19142
19212,19,CORINTO,19212
19256,19,EL TAMBO,19256
19290,19,FLORENCIA,19290
19300,19,GUACHENÉ,19300
19318,19,GUAPI,19318
19355,19,INZÁ,19355
19364,19,JAMBALÓ,19364
19392,19,LA SIERRA,19392
19397,19,LA VEGA,19397
19418,19,LÓPEZ,19418
19450,19,MERCADERES,19450
19455,19,MIRANDA,19455
19473,19,MORALES,19473
19513,19,PADILLA,19513
19517,19,PAEZ,19517
19532,19,PATÍA,19532
19533,19,PIAMONTE,19533
19548,19,PIENDAMÓ,19548
19001,19,POPAYÁN,19001
19573,19,PUERTO TEJADA,19573
19585,19,PURACÉ,19585
19622,19,ROSAS,19622
19693,19,SAN SEBASTIÁN,19693
19701,19,SANTA ROSA,19701
19698,19,SANTANDER DE QUILICHAO,19698
19743,19,SILVIA,19743
19760,19,SOTARÁ,19760
19780,19,SUÁREZ,19780
19785,19,SUCRE,19785
19807,19,TIMBÍO,19807
19809,19,TIMBIQUÍ,19809
19821,19,TORIBIO,19821
19824,19,TOTORÓ,19824
19845,19,VILLA RICA,19845
20011,20,AGUACHICA,20011
20013,20,AGUSTÍN CODAZZI,20013
20032,20,ASTREA,20032
20045,20,BECERRIL,20045
20060,20,BOSCONIA,20060
20175,20,CHIMICHAGUA,20175
20178,20,CHIRIGUANÁ,20178
20228,20,CURUMANÍ,20228
20238,20,EL COPEY,20238
20250,20,EL PASO,20250
20295,20,GAMARRA,20295
20310,20,GONZÁLEZ,20310
20383,20,LA GLORIA,20383
20400,20,LA JAGUA DE IBIRICO,20400
20621,20,LA PAZ,20621
20443,20,MANAURE,20443
20517,20,PAILITAS,20517
20550,20,PELAYA,20550
20570,20,PUEBLO BELLO,20570
20614,20,RÍO DE ORO,20614
20710,20,SAN ALBERTO,20710
20750,20,SAN DIEGO,20750
20770,20,SAN MARTÍN,20770
20787,20,TAMALAMEQUE,20787
20001,20,VALLEDUPAR,20001
27006,27,ACANDÍ,27006
27025,27,ALTO BAUDÓ,27025
27050,27,ATRATO,27050
27073,27,BAGADÓ,27073
27075,27,BAHÍA SOLANO,27075
27077,27,BAJO BAUDÓ,27077
27086,27,BELÉN DE BAJIRÁ,27086
27099,27,BOJAYA,27099
27150,27,CARMEN DEL DARIEN,27150
27160,27,CÉRTEGUI,27160
27205,27,CONDOTO,27205
27135,27,EL CANTÓN DEL SAN PABLO,27135
27245,27,EL CARMEN DE ATRATO,27245
27250,27,EL LITORAL DEL SAN JUAN,27250
27361,27,ISTMINA,27361
27372,27,JURADÓ,27372
27413,27,LLORÓ,27413
27425,27,MEDIO ATRATO,27425
27430,27,MEDIO BAUDÓ,27430
27450,27,MEDIO SAN JUAN,27450
27491,27,NÓVITA,27491
27495,27,NUQUÍ,27495
27001,27,QUIBDÓ,27001
27580,27,RÍO IRÓ,27580
27600,27,RÍO QUITO,27600
27615,27,RIOSUCIO,27615
27660,27,SAN JOSÉ DEL PALMAR,27660
27745,27,SIPÍ,27745
27787,27,TADÓ,27787
27800,27,UNGUÍA,27800
27810,27,UNIÓN PANAMERICANA,27810
23068,23,AYAPEL,23068
23079,23,BUENAVISTA,23079
23090,23,CANALETE,23090
23162,23,CERETÉ,23162
23168,23,CHIMÁ,23168
23182,23,CHINÚ,23182
23189,23,CIÉNAGA DE ORO,23189
23300,23,COTORRA,23300
23350,23,LA APARTADA,23350
23417,23,LORICA,23417
23419,23,LOS CÓRDOBAS,23419
23464,23,MOMIL,23464
23466,23,MONTELÍBANO,23466
23001,23,MONTERÍA,23001
23500,23,MOÑITOS,23500
23555,23,PLANETA RICA,23555
23570,23,PUEBLO NUEVO,23570
23574,23,PUERTO ESCONDIDO,23574
23580,23,PUERTO LIBERTADOR,23580
23586,23,PURÍSIMA,23586
23660,23,SAHAGÚN,23660
23670,23,SAN ANDRÉS SOTAVENTO,23670
23672,23,SAN ANTERO,23672
23675,23,SAN BERNARDO DEL VIENTO,23675
23678,23,SAN CARLOS,23678
23686,23,SAN PELAYO,23686
23807,23,TIERRALTA,23807
23855,23,VALENCIA,23855
25001,25,AGUA DE DIOS,25001
25019,25,ALBÁN,25019
25035,25,ANAPOIMA,25035
25040,25,ANOLAIMA,25040
25599,25,APULO,25599
25053,25,ARBELÁEZ,25053
25086,25,BELTRÁN,25086
25095,25,BITUIMA,25095
25099,25,BOJACÁ,25099
25120,25,CABRERA,25120
25123,25,CACHIPAY,25123
25126,25,CAJICÁ,25126
25148,25,CAPARRAPÍ,25148
25151,25,CAQUEZA,25151
25154,25,CARMEN DE CARUPA,25154
25168,25,CHAGUANÍ,25168
25175,25,CHÍA,25175
25178,25,CHIPAQUE,25178
25181,25,CHOACHÍ,25181
25183,25,CHOCONTÁ,25183
25200,25,COGUA,25200
25214,25,COTA,25214
25224,25,CUCUNUBÁ,25224
25245,25,EL COLEGIO,25245
25258,25,EL PEÑÓN,25258
25260,25,EL ROSAL,25260
25269,25,FACATATIVÁ,25269
25279,25,FOMEQUE,25279
25281,25,FOSCA,25281
25286,25,FUNZA,25286
25288,25,FÚQUENE,25288
25290,25,FUSAGASUGÁ,25290
25293,25,GACHALA,25293
25295,25,GACHANCIPÁ,25295
25297,25,GACHETÁ,25297
25299,25,GAMA,25299
25307,25,GIRARDOT,25307
25312,25,GRANADA,25312
25317,25,GUACHETÁ,25317
25320,25,GUADUAS,25320
25322,25,GUASCA,25322
25324,25,GUATAQUÍ,25324
25326,25,GUATAVITA,25326
25328,25,GUAYABAL DE SIQUIMA,25328
25335,25,GUAYABETAL,25335
25339,25,GUTIÉRREZ,25339
25368,25,JERUSALÉN,25368
25372,25,JUNÍN,25372
25377,25,LA CALERA,25377
25386,25,LA MESA,25386
25394,25,LA PALMA,25394
25398,25,LA PEÑA,25398
25402,25,LA VEGA,25402
25407,25,LENGUAZAQUE,25407
25426,25,MACHETA,25426
25430,25,MADRID,25430
25436,25,MANTA,25436
25438,25,MEDINA,25438
25473,25,MOSQUERA,25473
25483,25,NARIÑO,25483
25486,25,NEMOCÓN,25486
25488,25,NILO,25488
25489,25,NIMAIMA,25489
25491,25,NOCAIMA,25491
25513,25,PACHO,25513
25518,25,PAIME,25518
25524,25,PANDI,25524
25530,25,PARATEBUENO,25530
25535,25,PASCA,25535
25572,25,PUERTO SALGAR,25572
25580,25,PULÍ,25580
25592,25,QUEBRADANEGRA,25592
25594,25,QUETAME,25594
25596,25,QUIPILE,25596
25612,25,RICAURTE,25612
25645,25,SAN ANTONIO DEL TEQUENDAMA,25645
25649,25,SAN BERNARDO,25649
25653,25,SAN CAYETANO,25653
25658,25,SAN FRANCISCO,25658
25662,25,SAN JUAN DE RÍO SECO,25662
25718,25,SASAIMA,25718
25736,25,SESQUILÉ,25736
25740,25,SIBATÉ,25740
25743,25,SILVANIA,25743
25745,25,SIMIJACA,25745
25754,25,SOACHA,25754
25758,25,SOPÓ,25758
25769,25,SUBACHOQUE,25769
25772,25,SUESCA,25772
25777,25,SUPATÁ,25777
25779,25,SUSA,25779
25781,25,SUTATAUSA,25781
25785,25,TABIO,25785
25793,25,TAUSA,25793
25797,25,TENA,25797
25799,25,TENJO,25799
25805,25,TIBACUY,25805
25807,25,TIBIRITA,25807
25815,25,TOCAIMA,25815
25817,25,TOCANCIPÁ,25817
25823,25,TOPAIPÍ,25823
25839,25,UBALÁ,25839
25841,25,UBAQUE,25841
25845,25,UNE,25845
25851,25,ÚTICA,25851
25506,25,VENECIA,25506
25862,25,VERGARA,25862
25867,25,VIANÍ,25867
25843,25,VILLA DE SAN DIEGO DE UBATE,25843
25871,25,VILLAGÓMEZ,25871
25873,25,VILLAPINZÓN,25873
25875,25,VILLETA,25875
25878,25,VIOTÁ,25878
25885,25,YACOPÍ,25885
25898,25,ZIPACÓN,25898
25899,25,ZIPAQUIRÁ,25899
94343,94,BARRANCO MINAS,94343
94886,94,CACAHUAL,94886
94001,94,INÍRIDA,94001
94885,94,LA GUADALUPE,94885
94663,94,MAPIRIPANA,94663
94888,94,MORICHAL,94888
94887,94,PANA PANA,94887
94884,94,PUERTO COLOMBIA,94884
94883,94,SAN FELIPE,94883
95015,95,CALAMAR,95015
95025,95,EL RETORNO,95025
95200,95,MIRAFLORES,95200
95001,95,SAN JOSÉ DEL GUAVIARE,95001
41006,41,ACEVEDO,41006
41013,41,AGRADO,41013
41016,41,AIPE,41016
41020,41,ALGECIRAS,41020
41026,41,ALTAMIRA,41026
41078,41,BARAYA,41078
41132,41,CAMPOALEGRE,41132
41206,41,COLOMBIA,41206
41244,41,ELÍAS,41244
41298,41,GARZÓN,41298
41306,41,GIGANTE,41306
41319,41,GUADALUPE,41319
41349,41,HOBO,41349
41357,41,IQUIRA,41357
41359,41,ISNOS,41359
41378,41,LA ARGENTINA,41378
41396,41,LA PLATA,41396
41483,41,NÁTAGA,41483
41001,41,NEIVA,41001
41503,41,OPORAPA,41503
41518,41,PAICOL,41518
41524,41,PALERMO,41524
41530,41,PALESTINA,41530
41548,41,PITAL,41548
41551,41,PITALITO,41551
41615,41,RIVERA,41615
41660,41,SALADOBLANCO,41660
41668,41,SAN AGUSTÍN,41668
41676,41,SANTA MARÍA,41676
41770,41,SUAZA,41770
41791,41,TARQUI,41791
41799,41,TELLO,41799
41801,41,TERUEL,41801
41797,41,TESALIA,41797
41807,41,TIMANÁ,41807
41872,41,VILLAVIEJA,41872
41885,41,YAGUARÁ,41885
44035,44,ALBANIA,44035
44078,44,BARRANCAS,44078
44090,44,DIBULLA,44090
44098,44,DISTRACCIÓN,44098
44110,44,EL MOLINO,44110
44279,44,FONSECA,44279
44378,44,HATO NUEVO,44378
44420,44,LA JAGUA DEL PILAR,44420
44430,44,MAICAO,44430
44560,44,MANAURE,44560
44001,44,RIOHACHA,44001
44650,44,SAN JUAN DEL CESAR,44650
44847,44,URIBIA,44847
44855,44,URUMITA,44855
44874,44,VILLANUEVA,44874
47030,47,ALGARROBO,47030
47053,47,ARACATACA,47053
47058,47,ARIGUANÍ,47058
47161,47,CERRO SAN ANTONIO,47161
47170,47,CHIBOLO,47170
47189,47,CIÉNAGA,47189
47205,47,CONCORDIA,47205
47245,47,EL BANCO,47245
47258,47,EL PIÑON,47258
47268,47,EL RETÉN,47268
47288,47,FUNDACIÓN,47288
47318,47,GUAMAL,47318
47460,47,NUEVA GRANADA,47460
47541,47,PEDRAZA,47541
47545,47,PIJIÑO DEL CARMEN,47545
47551,47,PIVIJAY,47551
47555,47,PLATO,47555
47570,47,PUEBLOVIEJO,47570
47605,47,REMOLINO,47605
47660,47,SABANAS DE SAN ANGEL,47660
47675,47,SALAMINA,47675
47692,47,SAN SEBASTIÁN DE BUENAVISTA,47692
47703,47,SAN ZENÓN,47703
47707,47,SANTA ANA,47707
47720,47,SANTA BÁRBARA DE PINTO,47720
47001,47,SANTA MARTA,47001
47745,47,SITIONUEVO,47745
47798,47,TENERIFE,47798
47960,47,ZAPAYÁN,47960
47980,47,ZONA BANANERA,47980
50006,50,ACACÍAS,50006
50110,50,BARRANCA DE UPÍA,50110
50124,50,CABUYARO,50124
50150,50,CASTILLA LA NUEVA,50150
50223,50,CUBARRAL,50223
50226,50,CUMARAL,50226
50245,50,EL CALVARIO,50245
50251,50,EL CASTILLO,50251
50270,50,EL DORADO,50270
50287,50,FUENTE DE ORO,50287
50313,50,GRANADA,50313
50318,50,GUAMAL,50318
50350,50,LA MACARENA,50350
50400,50,LEJANÍAS,50400
50325,50,MAPIRIPÁN,50325
50330,50,MESETAS,50330
50450,50,PUERTO CONCORDIA,50450
50568,50,PUERTO GAITÁN,50568
50577,50,PUERTO LLERAS,50577
50573,50,PUERTO LÓPEZ,50573
50590,50,PUERTO RICO,50590
50606,50,RESTREPO,50606
50680,50,SAN CARLOS DE GUAROA,50680
50683,50,SAN JUAN DE ARAMA,50683
50686,50,SAN JUANITO,50686
50689,50,SAN MARTÍN,50689
50370,50,URIBE,50370
50001,50,VILLAVICENCIO,50001
50711,50,VISTA HERMOSA,50711
52019,52,ALBÁN,52019
52022,52,ALDANA,52022
52036,52,ANCUYÁ,52036
52051,52,ARBOLEDA,52051
52079,52,BARBACOAS,52079
52083,52,BELÉN,52083
52110,52,BUESACO,52110
52240,52,CHACHAGÜÍ,52240
52203,52,COLÓN,52203
52207,52,CONSACA,52207
52210,52,CONTADERO,52210
52215,52,CÓRDOBA,52215
52224,52,CUASPUD,52224
52227,52,CUMBAL,52227
52233,52,CUMBITARA,52233
52250,52,EL CHARCO,52250
52254,52,EL PEÑOL,52254
52256,52,EL ROSARIO,52256
52258,52,EL TABLÓN DE GÓMEZ,52258
52260,52,EL TAMBO,52260
52520,52,FRANCISCO PIZARRO,52520
52287,52,FUNES,52287
52317,52,GUACHUCAL,52317
52320,52,GUAITARILLA,52320
52323,52,GUALMATÁN,52323
52352,52,ILES,52352
52354,52,IMUÉS,52354
52356,52,IPIALES,52356
52378,52,LA CRUZ,52378
52381,52,LA FLORIDA,52381
52385,52,LA LLANADA,52385
52390,52,LA TOLA,52390
52399,52,LA UNIÓN,52399
52405,52,LEIVA,52405
52411,52,LINARES,52411
52418,52,LOS ANDES,52418
52427,52,MAGÜI,52427
52435,52,MALLAMA,52435
52473,52,MOSQUERA,52473
52480,52,NARIÑO,52480
52490,52,OLAYA HERRERA,52490
52506,52,OSPINA,52506
52001,52,PASTO,52001
52540,52,POLICARPA,52540
52560,52,POTOSÍ,52560
52565,52,PROVIDENCIA,52565
52573,52,PUERRES,52573
52585,52,PUPIALES,52585
52612,52,RICAURTE,52612
52621,52,ROBERTO PAYÁN,52621
52678,52,SAMANIEGO,52678
52835,52,SAN ANDRES DE TUMACO,52835
52685,52,SAN BERNARDO,52685
52687,52,SAN LORENZO,52687
52693,52,SAN PABLO,52693
52694,52,SAN PEDRO DE CARTAGO,52694
52683,52,SANDONÁ,52683
52696,52,SANTA BÁRBARA,52696
52699,52,SANTACRUZ,52699
52720,52,SAPUYES,52720
52786,52,TAMINANGO,52786
52788,52,TANGUA,52788
52838,52,TÚQUERRES,52838
52885,52,YACUANQUER,52885
54003,54,ABREGO,54003
54051,54,ARBOLEDAS,54051
54099,54,BOCHALEMA,54099
54109,54,BUCARASICA,54109
54128,54,CACHIRÁ,54128
54125,54,CÁCOTA,54125
54172,54,CHINÁCOTA,54172
54174,54,CHITAGÁ,54174
54206,54,CONVENCIÓN,54206
54001,54,CÚCUTA,54001
54223,54,CUCUTILLA,54223
54239,54,DURANIA,54239
54245,54,EL CARMEN,54245
54250,54,EL TARRA,54250
54261,54,EL ZULIA,54261
54313,54,GRAMALOTE,54313
54344,54,HACARÍ,54344
54347,54,HERRÁN,54347
54385,54,LA ESPERANZA,54385
54398,54,LA PLAYA,54398
54377,54,LABATECA,54377
54405,54,LOS PATIOS,54405
54418,54,LOURDES,54418
54480,54,MUTISCUA,54480
54498,54,OCAÑA,54498
54518,54,PAMPLONA,54518
54520,54,PAMPLONITA,54520
54553,54,PUERTO SANTANDER,54553
54599,54,RAGONVALIA,54599
54660,54,SALAZAR,54660
54670,54,SAN CALIXTO,54670
54673,54,SAN CAYETANO,54673
54680,54,SANTIAGO,54680
54720,54,SARDINATA,54720
54743,54,SILOS,54743
54800,54,TEORAMA,54800
54810,54,TIBÚ,54810
54820,54,TOLEDO,54820
54871,54,VILLA CARO,54871
54874,54,VILLA DEL ROSARIO,54874
86219,86,COLÓN,86219
86573,86,LEGUÍZAMO,86573
86001,86,MOCOA,86001
86320,86,ORITO,86320
86568,86,PUERTO ASÍS,86568
86569,86,PUERTO CAICEDO,86569
86571,86,PUERTO GUZMÁN,86571
86755,86,SAN FRANCISCO,86755
86757,86,SAN MIGUEL,86757
86760,86,SANTIAGO,86760
86749,86,SIBUNDOY,86749
86865,86,VALLE DEL GUAMUEZ,86865
86885,86,VILLAGARZÓN,86885
63001,63,ARMENIA,63001
63111,63,BUENAVISTA,63111
63130,63,CALARCA,63130
63190,63,CIRCASIA,63190
63212,63,CÓRDOBA,63212
63272,63,FILANDIA,63272
63302,63,GÉNOVA,63302
63401,63,LA TEBAIDA,63401
63470,63,MONTENEGRO,63470
63548,63,PIJAO,63548
63594,63,QUIMBAYA,63594
63690,63,SALENTO,63690
66045,66,APÍA,66045
66075,66,BALBOA,66075
66088,66,BELÉN DE UMBRÍA,66088
66170,66,DOSQUEBRADAS,66170
66318,66,GUÁTICA,66318
66383,66,LA CELIA,66383
66400,66,LA VIRGINIA,66400
66440,66,MARSELLA,66440
66456,66,MISTRATÓ,66456
66001,66,PEREIRA,66001
66572,66,PUEBLO RICO,66572
66594,66,QUINCHÍA,66594
66682,66,SANTA ROSA DE CABAL,66682
66687,66,SANTUARIO,66687
68013,68,AGUADA,68013
68020,68,ALBANIA,68020
68051,68,ARATOCA,68051
68077,68,BARBOSA,68077
68079,68,BARICHARA,68079
68081,68,BARRANCABERMEJA,68081
68092,68,BETULIA,68092
68101,68,BOLÍVAR,68101
68001,68,BUCARAMANGA,68001
68121,68,CABRERA,68121
68132,68,CALIFORNIA,68132
68147,68,CAPITANEJO,68147
68152,68,CARCASÍ,68152
68160,68,CEPITÁ,68160
68162,68,CERRITO,68162
68167,68,CHARALÁ,68167
68169,68,CHARTA,68169
68176,68,CHIMA,68176
68179,68,CHIPATÁ,68179
68190,68,CIMITARRA,68190
68207,68,CONCEPCIÓN,68207
68209,68,CONFINES,68209
68211,68,CONTRATACIÓN,68211
68217,68,COROMORO,68217
68229,68,CURITÍ,68229
68235,68,EL CARMEN DE CHUCURÍ,68235
68245,68,EL GUACAMAYO,68245
68250,68,EL PEÑÓN,68250
68255,68,EL PLAYÓN,68255
68264,68,ENCINO,68264
68266,68,ENCISO,68266
68271,68,FLORIÁN,68271
68276,68,FLORIDABLANCA,68276
68296,68,GALÁN,68296
68298,68,GAMBITA,68298
68307,68,GIRÓN,68307
68318,68,GUACA,68318
68320,68,GUADALUPE,68320
68322,68,GUAPOTÁ,68322
68324,68,GUAVATÁ,68324
68327,68,GÜEPSA,68327
68344,68,HATO,68344
68368,68,JESÚS MARÍA,68368
68370,68,JORDÁN,68370
68377,68,LA BELLEZA,68377
68397,68,LA PAZ,68397
68385,68,LANDÁZURI,68385
68406,68,LEBRIJA,68406
68418,68,LOS SANTOS,68418
68425,68,MACARAVITA,68425
68432,68,MÁLAGA,68432
68444,68,MATANZA,68444
68464,68,MOGOTES,68464
68468,68,MOLAGAVITA,68468
68498,68,OCAMONTE,68498
68500,68,OIBA,68500
68502,68,ONZAGA,68502
68522,68,PALMAR,68522
68524,68,PALMAS DEL SOCORRO,68524
68533,68,PÁRAMO,68533
68547,68,PIEDECUESTA,68547
68549,68,PINCHOTE,68549
68572,68,PUENTE NACIONAL,68572
68573,68,PUERTO PARRA,68573
68575,68,PUERTO WILCHES,68575
68615,68,RIONEGRO,68615
68655,68,SABANA DE TORRES,68655
68669,68,SAN ANDRÉS,68669
68673,68,SAN BENITO,68673
68679,68,SAN GIL,68679
68682,68,SAN JOAQUÍN,68682
68684,68,SAN JOSÉ DE MIRANDA,68684
68686,68,SAN MIGUEL,68686
68689,68,SAN VICENTE DE CHUCURÍ,68689
68705,68,SANTA BÁRBARA,68705
68720,68,SANTA HELENA DEL OPÓN,68720
68745,68,SIMACOTA,68745
68755,68,SOCORRO,68755
68770,68,SUAITA,68770
68773,68,SUCRE,68773
68780,68,SURATÁ,68780
68820,68,TONA,68820
68855,68,VALLE DE SAN JOSÉ,68855
68861,68,VÉLEZ,68861
68867,68,VETAS,68867
68872,68,VILLANUEVA,68872
68895,68,ZAPATOCA,68895
70110,70,BUENAVISTA,70110
70124,70,CAIMITO,70124
70230,70,CHALÁN,70230
70204,70,COLOSO,70204
70215,70,COROZAL,70215
70221,70,COVEÑAS,70221
70233,70,EL ROBLE,70233
70235,70,GALERAS,70235
70265,70,GUARANDA,70265
70400,70,LA UNIÓN,70400
70418,70,LOS PALMITOS,70418
70429,70,MAJAGUAL,70429
70473,70,MORROA,70473
70508,70,OVEJAS,70508
70523,70,PALMITO,70523
70670,70,SAMPUÉS,70670
70678,70,SAN BENITO ABAD,70678
70702,70,SAN JUAN DE BETULIA,70702
70742,70,SAN LUIS DE SINCÉ,70742
70708,70,SAN MARCOS,70708
70713,70,SAN ONOFRE,70713
70717,70,SAN PEDRO,70717
70820,70,SANTIAGO DE TOLÚ,70820
70001,70,SINCELEJO,70001
70771,70,SUCRE,70771
70823,70,TOLÚ VIEJO,70823
73024,73,ALPUJARRA,73024
73026,73,ALVARADO,73026
73030,73,AMBALEMA,73030
73043,73,ANZOÁTEGUI,73043
73055,73,ARMERO,73055
73067,73,ATACO,73067
73124,73,CAJAMARCA,73124
73148,73,CARMEN DE APICALÁ,73148
73152,73,CASABIANCA,73152
73168,73,CHAPARRAL,73168
73200,73,COELLO,73200
73217,73,COYAIMA,73217
73226,73,CUNDAY,73226
73236,73,DOLORES,73236
73268,73,ESPINAL,73268
73270,73,FALAN,73270
73275,73,FLANDES,73275
73283,73,FRESNO,73283
73319,73,GUAMO,73319
73347,73,HERVEO,73347
73349,73,HONDA,73349
73001,73,IBAGUÉ,73001
73352,73,ICONONZO,73352
73408,73,LÉRIDA,73408
73411,73,LÍBANO,73411
73443,73,MARIQUITA,73443
73449,73,MELGAR,73449
73461,73,MURILLO,73461
73483,73,NATAGAIMA,73483
73504,73,ORTEGA,73504
73520,73,PALOCABILDO,73520
73547,73,PIEDRAS,73547
73555,73,PLANADAS,73555
73563,73,PRADO,73563
73585,73,PURIFICACIÓN,73585
73616,73,RIOBLANCO,73616
73622,73,RONCESVALLES,73622
73624,73,ROVIRA,73624
73671,73,SALDAÑA,73671
73675,73,SAN ANTONIO,73675
73678,73,SAN LUIS,73678
73686,73,SANTA ISABEL,73686
73770,73,SUÁREZ,73770
73854,73,VALLE DE SAN JUAN,73854
73861,73,VENADILLO,73861
73870,73,VILLAHERMOSA,73870
73873,73,VILLARRICA,73873
76020,76,ALCALÁ,76020
76036,76,ANDALUCÍA,76036
76041,76,ANSERMANUEVO,76041
76054,76,ARGELIA,76054
76100,76,BOLÍVAR,76100
76109,76,BUENAVENTURA,76109
76113,76,BUGALAGRANDE,76113
76122,76,CAICEDONIA,76122
76001,76,CALI,76001
76126,76,CALIMA,76126
76130,76,CANDELARIA,76130
76147,76,CARTAGO,76147
76233,76,DAGUA,76233
76243,76,EL ÁGUILA,76243
76246,76,EL CAIRO,76246
76248,76,EL CERRITO,76248
76250,76,EL DOVIO,76250
76275,76,FLORIDA,76275
76306,76,GINEBRA,76306
76318,76,GUACARÍ,76318
76111,76,GUADALAJARA DE BUGA,76111
76364,76,JAMUNDÍ,76364
76377,76,LA CUMBRE,76377
76400,76,LA UNIÓN,76400
76403,76,LA VICTORIA,76403
76497,76,OBANDO,76497
76520,76,PALMIRA,76520
76563,76,PRADERA,76563
76606,76,RESTREPO,76606
76616,76,RIOFRÍO,76616
76622,76,ROLDANILLO,76622
76670,76,SAN PEDRO,76670
76736,76,SEVILLA,76736
76823,76,TORO,76823
76828,76,TRUJILLO,76828
76834,76,TULUÁ,76834
76845,76,ULLOA,76845
76863,76,VERSALLES,76863
76869,76,VIJES,76869
76890,76,YOTOCO,76890
76892,76,YUMBO,76892
76895,76,ZARZAL,76895
97161,97,CARURU,97161
97001,97,MITÚ,97001
97511,97,PACOA,97511
97777,97,PAPUNAUA,97777
97666,97,TARAIRA,97666
97889,97,YAVARATÉ,97889
99773,99,CUMARIBO,99773
99524,99,LA PRIMAVERA,99524
99001,99,PUERTO CARREÑO,99001
99624,99,SANTA ROSALÍA,99624
