seguimientoid,registroid
1487883467814,17139
1487885834357,17140
1487889816521,17141
1487894748619,17142
1487904024428,17143
1487972742817,17144
1487973128681,17145
1487973397129,17146
1487973673737,17147
1487973755484,17148
1487975029486,17149
1487976290004,17150
1487977469614,17151
1487977481662,17152
1487978266546,17153
1487978280720,17154
1488034069492,17155
1488035999871,17156
1488037473407,17157
1488044330604,17158
1488046413480,17159
1488048321115,17160
1488048921495,17161
1488050430763,17162
1488051920579,17163
1488062180210,17164
1488065119700,17165
1488067272873,17166
1488068491366,17167
1488070135656,17168
1488073046381,17169
1488074726616,17170
1488075649759,17171
1488076399232,17172
1488076412840,17173
1488076621344,17174
1488077698145,17175
1488077707426,17176
1488079161653,17177
1488081657261,17178
1488084231993,17179
1488089062719,17180
1488090678013,17181
1488090701009,17182
1488126354282,17183
1488130341209,17184
1488142133749,17185
1488142860640,17186
1488223319485,17187
1488224326037,17188
1488225251209,17189
1488225262431,17190
1488781827043,17191
1488229182042,17192
1488307176654,17193
1488307420302,17194
1488308564479,17195
1488309437565,17196
1488329312097,17197
1488341336505,17198
1488341345217,17199
1488400434952,17200
1488400452407,17201
1488401332180,17202
1488401339535,17203
1488410167902,17204
1488411845246,17205
1488422161886,17206
1488424473350,17207
1488425271694,17208
1488451343847,17209
1488455127171,17210
1488455130220,17211
1488455140017,17212
1488472053195,17213
1488476520699,17214
1488480700851,17215
1488483850871,17216
1488484544266,17217
1488487281904,17218
1488500568222,17219
1488502383694,17220
1488509004838,17221
1488901319402,17222
1489636139498,17223
1488578787255,17224
1488582125826,17225
1488586363820,17226
1488587521629,17227
1488589324048,17228
1488593979634,17229
1488595426961,17230
1488595786350,17231
1488596373999,17232
1488596391885,17233
1488597196578,17234
1488598822403,17235
1488599589028,17236
1488601600506,17237
1488841463690,17238
1488639548826,17239
1488843841794,17240
1488844222070,17241
1488845608323,17242
1489284732616,17243
1489336723718,17244
1488642296757,17245
1488645934448,17246
1488647993002,17247
1488649422144,17248
1488649820238,17249
1488650226433,17250
1488650660292,17251
1489466565052,17252
1488650881178,17253
1488652586450,17254
1488652587915,17255
1488652670921,17256
1488652777436,17257
1488653528371,17258
1488654077279,17259
1488656383134,17260
1488657161066,17261
1488657392527,17262
1488657600152,17263
1488657968304,17264
1488657978970,17265
1488658343635,17266
1488659169753,17267
1488659676224,17268
1488659703072,17269
1488660655496,17270
1488661488430,17271
1488661682745,17272
1488661915830,17273
1489375771704,17274
1488662512773,17275
1488662515869,17276
1488662754957,17277
1488663918814,17278
1488664559722,17279
1488665710671,17280
1488665956305,17281
1488666272158,17282
1488666550687,17283
1488666633256,17284
1488667005754,17285
1488668953807,17286
1488669059484,17287
1488669137876,17288
1488669616793,17289
1488670129933,17290
1488670908700,17291
1489296712288,17292
1489296717752,17293
1488672079214,17294
1488673197527,17295
1488673286615,17296
1488674157503,17297
1488675072932,17298
1488675774247,17299
1488676000727,17300
1488676299068,17301
1488676721411,17302
1488676903414,17303
1488677092391,17304
1488677374593,17305
1488677981116,17306
1488679347410,17307
1488681109788,17308
1488692212109,17309
1488692437514,17310
1488692854058,17311
1488693823839,17312
1488694452938,17313
1488694461495,17314
1488705631420,17315
1488706002278,17316
1488706477158,17317
1488784335963,17318
1488650673456,17319
1488723288570,17320
1489293129296,17321
1488727050919,17322
1488727650248,17323
1489296106842,17324
1488785834520,17325
1489322986492,17326
1488728456898,17327
1488728774332,17328
1488729114589,17329
1488640738282,17330
1488782727075,17331
1488730283281,17332
1488780571883,17333
1488730449921,17334
1488731320010,17335
1488731731367,17336
1488731798408,17337
1488732227650,17338
1488732273583,17339
1488732529586,17340
1488732937389,17341
1488733188398,17342
1488733328690,17343
1488733477342,17344
1488733715870,17345
1488733938503,17346
1488734065547,17347
1488734389711,17348
1488785212894,17349
1488784940894,17350
1488734991046,17351
1488735816191,17352
1488649998179,17353
1488840895874,17354
1488738116778,17355
1488738764316,17356
1488739224217,17357
1488739268893,17358
1488739553134,17359
1488739948898,17360
1488741081677,17361
1488741768816,17362
1488742091542,17363
1488742411130,17364
1488742752592,17365
1488743012039,17366
1488743185684,17367
1488743455753,17368
1488744060573,17369
1488744089221,17370
1488744290016,17371
1488744575280,17372
1488744860837,17373
1488745406686,17374
1488754801619,17375
1488755694676,17376
1488849897466,17377
1488758363742,17378
1488759199425,17379
1488759628090,17380
1488759733918,17381
1488759814311,17382
1488760348661,17383
1488761065538,17384
1488761518549,17385
1488763659660,17386
1488764517989,17387
1488765069448,17388
1488765105157,17389
1488765701357,17390
1488765726493,17391
1488766605232,17392
1488767434966,17393
1488769031868,17394
1488769295456,17395
1488769580269,17396
1488770731146,17397
1488770736878,17398
1488772090038,17399
1488773510482,17400
1488773933406,17401
1488774945784,17402
1488775192152,17403
1488775468452,17404
1488775830198,17405
1488775836388,17406
1488775836818,17407
1488775839325,17408
1488776023218,17409
1488776041050,17410
1488776534288,17411
1488776640951,17412
1488776958354,17413
1488777258780,17414
1488778533032,17415
1488778892490,17416
1488779594424,17417
1488779745174,17418
1488779770350,17419
1488779902003,17420
1488780355310,17421
1488781327300,17422
1488736340336,17423
1489115443912,17424
1488782864278,17425
1489069345824,17426
1488783706398,17427
1489069356846,17428
1489069360175,17429
1489363944879,17430
1489194744323,17431
1489593915141,17432
1488808926447,17433
1488809796639,17434
1488811088609,17435
1488812018386,17436
1488812180929,17437
1488812215452,17438
1488812266151,17439
1488812582747,17440
1488812716978,17441
1488813250878,17442
1488813384105,17443
1488813501150,17444
1488813792762,17445
1488814012481,17446
1488814301244,17447
1488814439431,17448
1488671986506,17449
1488815088548,17450
1488815260764,17451
1488815855943,17452
1488817498382,17453
1488818097437,17454
1488829075558,17455
1488829470925,17456
1488830106875,17457
1488831059282,17458
1488835465173,17459
1488837741448,17460
1488839021589,17461
1488840135950,17462
1488671998238,17463
1488841279701,17464
1489264023324,17465
1489510929333,17466
1489274622937,17467
1488843192752,17468
1488843358701,17469
1488781833188,17470
1488859569114,17471
1488844527720,17472
1488844670995,17473
1488641959933,17474
1488847624599,17475
1488641970861,17476
1489544261565,17477
1488850010796,17478
1488850402543,17479
1488662135634,17480
1488852309036,17481
1488852807119,17482
1488852899953,17483
1488853388653,17484
1488853482926,17485
1488853586515,17486
1488853928338,17487
1488603332838,17488
1488854326874,17489
1488854360127,17490
1488854752153,17491
1488855047447,17492
1488855057468,17493
1488855153663,17494
1488855882229,17495
1488856191351,17496
1488856234416,17497
1488857466505,17498
1488858297323,17499
1488858938127,17500
1488707018544,17501
1488860040837,17502
1488860208341,17503
1488860924365,17504
1488861226856,17505
1488861572990,17506
1488861899856,17507
1488862395889,17508
1488862591517,17509
1488863339952,17510
1488864679588,17511
1488865583098,17512
1488866436865,17513
1488734926506,17514
1488843182760,17515
1488510110669,17516
1488894235610,17517
1488895654547,17518
1488895655447,17519
1488895802128,17520
1488896550707,17521
1488897922793,17522
1488899051728,17523
1488813897414,17524
1488641122335,17525
1488903099991,17526
1488904128785,17527
1488904227427,17528
1488904599392,17529
1488904754807,17530
1488905431333,17531
1488905752164,17532
1488906140049,17533
1488906415703,17534
1488908816174,17535
1488910928251,17536
1488911592835,17537
1488911796796,17538
1488911957861,17539
1488912883431,17540
1488912993716,17541
1488913719310,17542
1488914663940,17543
1488915175399,17544
1488915647323,17545
1488915778002,17546
1488916533015,17547
1488917511814,17548
1488917693492,17549
1488918106809,17550
1488918236341,17551
1488918238116,17552
1488710982086,17553
1488918334085,17554
1488918343110,17555
1488919280801,17556
1488919283655,17557
1488920157078,17558
1488920232602,17559
1488920277187,17560
1488920826853,17561
1488920892369,17562
1488921175190,17563
1488921295310,17564
1488921619173,17565
1488921718348,17566
1488922525453,17567
1488814920019,17568
1488923060705,17569
1488924085622,17570
1488924763179,17571
1488924764721,17572
1488924904529,17573
1488925387905,17574
1488925391583,17575
1488925395799,17576
1488925398098,17577
1488926017897,17578
1488926027167,17579
1488926044282,17580
1488926744359,17581
1488927584715,17582
1488928527306,17583
1488929373851,17584
1488929488166,17585
1488929754036,17586
1488930668162,17587
1488931785103,17588
1488933220766,17589
1488933777293,17590
1488934023893,17591
1488934288890,17592
1488935469302,17593
1488936329683,17594
1488936478268,17595
1488936627724,17596
1488937140083,17597
1488937462836,17598
1488937754528,17599
1488938391313,17600
1488938557171,17601
1488938564157,17602
1488938726091,17603
1488938954242,17604
1488939182454,17605
1488939385635,17606
1488939423926,17607
1488939478800,17608
1488939774588,17609
1488940022948,17610
1488940146026,17611
1488940174995,17612
1488940627020,17613
1488940948481,17614
1488941519161,17615
1488942200097,17616
1488943689831,17617
1488944358219,17618
1488945896393,17619
1488950165375,17620
1488950668672,17621
1488951120255,17622
1488954064251,17623
1488955558290,17624
1488955731282,17625
1488956854339,17626
1488958847134,17627
1488960505907,17628
1488961922998,17629
1488963128048,17630
1488977280907,17631
1488978682855,17632
1488981327818,17633
1488982459452,17634
1488983449050,17635
1488985932696,17636
1488985944602,17637
1488992732447,17638
1488992739742,17639
1488992740379,17640
1488992739996,17641
1488992740598,17642
1488992740836,17643
1488993134958,17644
1488994436614,17645
1488995754106,17646
1488996590134,17647
1488996897204,17648
1488997174645,17649
1488997480152,17650
1488997782368,17651
1488998086324,17652
1488998581479,17653
1488999182588,17654
1488999320384,17655
1488999679790,17656
1488999700298,17657
1489000117425,17658
1489000134616,17659
1489000139984,17660
1489000496615,17661
1489000561809,17662
1489000651999,17663
1489000756509,17664
1489000767584,17665
1489000944097,17666
1489001072983,17667
1489001228687,17668
1489001335993,17669
1489001483142,17670
1489001519414,17671
1489002116622,17672
1489002166726,17673
1489002354687,17674
1489002436550,17675
1489002589952,17676
1489002728136,17677
1489002737069,17678
1489004181510,17679
1489004592665,17680
1489004781581,17681
1489005181922,17682
1489006131789,17683
1489006322081,17684
1489006698901,17685
1489006881939,17686
1489007130282,17687
1489007201639,17688
1489007236063,17689
1489007432851,17690
1489007585873,17691
1489008061850,17692
1489008146903,17693
1489008384867,17694
1489008599008,17695
1489008747828,17696
1489008796505,17697
1489008959384,17698
1489010672504,17699
1489012684597,17700
1489013499210,17701
1489013748031,17702
1489014172984,17703
1489014440292,17704
1489014501803,17705
1489015400385,17706
1489015912611,17707
1489264799075,17708
1489017107687,17709
1489017479602,17710
1489018956273,17711
1489019335402,17712
1489021051137,17713
1489021241152,17714
1489021310052,17715
1489022306194,17716
1489024222328,17717
1489025258396,17718
1489016038810,17719
1489028631096,17720
1489030044902,17721
1489030053658,17722
1489031622405,17723
1489032018675,17724
1489032137426,17725
1489033114398,17726
1489034392245,17727
1489034506226,17728
1489035504444,17729
1489035629384,17730
1489035818693,17731
1489036621415,17732
1489056944739,17733
1489058881119,17734
1489060017733,17735
1489061212284,17736
1489063511977,17737
1489063648192,17738
1489064645819,17739
1489065435508,17740
1489065810665,17741
1489065992271,17742
1489066606767,17743
1489066978321,17744
1489067236474,17745
1489067335984,17746
1489067815537,17747
1489068169169,17748
1489068225805,17749
1489068826003,17750
1489069084411,17751
1489069128149,17752
1488228526408,17753
1489549798128,17754
1489549808598,17755
1489069908733,17756
1489070527435,17757
1489071127110,17758
1489071129671,17759
1489072299080,17760
1489072307811,17761
1489072530013,17762
1489073046096,17763
1489073281369,17764
1489073532321,17765
1489073801384,17766
1489073918681,17767
1489074281782,17768
1489074551146,17769
1489074792424,17770
1489074872765,17771
1489075131788,17772
1489075936872,17773
1489076959098,17774
1489077609403,17775
1489077977304,17776
1489078805687,17777
1489079080246,17778
1489079317244,17779
1489080739295,17780
1489086314308,17781
1489086404676,17782
1489087694272,17783
1489094066978,17784
1489095378437,17785
1489096609237,17786
1489097598047,17787
1489100872686,17788
1489101622707,17789
1489101832541,17790
1489102598341,17791
1489102645901,17792
1489103161565,17793
1489103693649,17794
1489103961441,17795
1489106448596,17796
1489107346995,17797
1489108724817,17798
1489109263922,17799
1489109613326,17800
1489110030473,17801
1489110191005,17802
1489110555698,17803
1489111033088,17804
1489111838197,17805
1489111876994,17806
1489112717072,17807
1489113779825,17808
1489114110617,17809
1489114331393,17810
1489114684864,17811
1489115164722,17812
1488509475927,17813
1489115616740,17814
1489115674072,17815
1489115879785,17816
1489116464788,17817
1489116967762,17818
1489117076533,17819
1489118026891,17820
1489118904105,17821
1489120995372,17822
1489159785367,17823
1489161588781,17824
1489163130584,17825
1489164748846,17826
1489176264029,17827
1489178672536,17828
1489178796642,17829
1489180393721,17830
1489181567821,17831
1489183004006,17832
1489184432379,17833
1489184603428,17834
1489639727388,17835
1489197376767,17836
1489198273459,17837
1489199063829,17838
1489199995414,17839
1489200463964,17840
1489200902328,17841
1489201537038,17842
1489202174177,17843
1489202566479,17844
1489202585367,17845
1489203019906,17846
1489203021119,17847
1489203196433,17848
1489203350125,17849
1489203488335,17850
1489203564180,17851
1489203754990,17852
1489203854520,17853
1489204004035,17854
1489204127655,17855
1489204631814,17856
1489204794140,17857
1489205030285,17858
1489205134913,17859
1489245544923,17860
1489245959443,17861
1489246000190,17862
1489246228693,17863
1489246347461,17864
1489246423382,17865
1489246475941,17866
1489246611899,17867
1489246776631,17868
1489246833347,17869
1489246971862,17870
1489247160280,17871
1489247246221,17872
1489247316452,17873
1489247595495,17874
1489247642361,17875
1489247974185,17876
1489248087329,17877
1489248096286,17878
1489248277214,17879
1489248297137,17880
1489248512938,17881
1489248576260,17882
1489248628496,17883
1489248761203,17884
1489248857124,17885
1489248987540,17886
1489249258173,17887
1489249750014,17888
1489249810449,17889
1489250380638,17890
1489251400773,17891
1489251402405,17892
1489251443434,17893
1489251869317,17894
1489252973146,17895
1489253376997,17896
1489253903139,17897
1489254017549,17898
1489254565760,17899
1489255465024,17900
1489255824355,17901
1489256585887,17902
1489257724203,17903
1489258485980,17904
1489258963964,17905
1489260126714,17906
1489260240247,17907
1489260880485,17908
1489261456857,17909
1489261514457,17910
1489262817415,17911
1489380647910,17912
1489264187057,17913
1489264486606,17914
1488725668228,17915
1489265029091,17916
1489265314181,17917
1489265496763,17918
1489265654934,17919
1489266124896,17920
1489266215843,17921
1489266372411,17922
1489266961967,17923
1489267143445,17924
1489267219499,17925
1489267233808,17926
1489267303671,17927
1489267307684,17928
1489267919429,17929
1489268650874,17930
1489268669412,17931
1489268786242,17932
1489268880975,17933
1489269534487,17934
1489269770653,17935
1489270415537,17936
1489270528881,17937
1489270663622,17938
1489270683129,17939
1489271271331,17940
1489271386456,17941
1489271571394,17942
1488854118910,17943
1489272284334,17944
1489272427431,17945
1489272699243,17946
1489272976988,17947
1489273171155,17948
1489273221072,17949
1489273252408,17950
1489273372432,17951
1489273868202,17952
1489274148663,17953
1488728315756,17954
1489274759069,17955
1489274933028,17956
1489275188578,17957
1489275564360,17958
1489275821680,17959
1489275958594,17960
1489276395466,17961
1489276730546,17962
1489277062001,17963
1489277084145,17964
1489277314254,17965
1489277490686,17966
1489277648827,17967
1489277933550,17968
1489278121493,17969
1489278364662,17970
1489278424017,17971
1489278460644,17972
1489278567539,17973
1489278660805,17974
1489278874441,17975
1489279342564,17976
1489279373164,17977
1489279866706,17978
1489280094600,17979
1489280582764,17980
1489280937457,17981
1489281396200,17982
1489281579259,17983
1489281774292,17984
1489281793544,17985
1489281825915,17986
1489282106960,17987
1489282418571,17988
1489283073458,17989
1489283208094,17990
1489283523977,17991
1489283624791,17992
1489283828536,17993
1489283909264,17994
1489284657935,17995
1488728018749,17996
1489285004548,17997
1489285196173,17998
1489285345387,17999
1489285366206,18000
1489285692557,18001
1489285865792,18002
1489285933833,18003
1489286134026,18004
1489286308370,18005
1489286366283,18006
1489286732005,18007
1489286862693,18008
1489287199840,18009
1489287323708,18010
1489287415168,18011
1489287642503,18012
1489287943115,18013
1489288134503,18014
1489288192539,18015
1489288404116,18016
1489288433789,18017
1489289026976,18018
1489289159675,18019
1489289503043,18020
1489289511290,18021
1489289552503,18022
1489289610379,18023
1489289806961,18024
1489290214838,18025
1489290328628,18026
1489290757783,18027
1489290803007,18028
1489291547643,18029
1489291611528,18030
1489291780093,18031
1489291909038,18032
1489291941041,18033
1489292125952,18034
1489292251237,18035
1489292282178,18036
1489292429326,18037
1489292557762,18038
1489292742164,18039
1489292869496,18040
1489293292740,18041
1489295309523,18042
1489295681350,18043
1489295965027,18044
1488783861004,18045
1489296279195,18046
1488922761530,18047
1488783488996,18048
1489298413602,18049
1489299957910,18050
1489308370645,18051
1488852203832,18052
1489331207546,18053
1489332578196,18054
1489333565003,18055
1489333994346,18056
1489334840183,18057
1489335215145,18058
1489335652037,18059
1489335714146,18060
1489335963212,18061
1489336051913,18062
1489336203886,18063
1489336384526,18064
1489336569822,18065
1489336626276,18066
1489336626281,18067
1489356312937,18068
1489337623872,18069
1489337775220,18070
1489337898165,18071
1489338098586,18072
1489338306007,18073
1489338651232,18074
1489338832046,18075
1489339187941,18076
1489339224898,18077
1489339429246,18078
1489339467576,18079
1489339598309,18080
1489339827324,18081
1489340065388,18082
1489340397013,18083
1489340645095,18084
1489340907804,18085
1489341061501,18086
1489341564934,18087
1489341721195,18088
1489341853451,18089
1489341871550,18090
1489341909580,18091
1489342306429,18092
1489342307312,18093
1489342545955,18094
1489342545959,18095
1489343260718,18096
1489344690172,18097
1489345539835,18098
1489346324156,18099
1489346671530,18100
1489347184389,18101
1489347776479,18102
1489347796173,18103
1489348144335,18104
1489348486517,18105
1489348559563,18106
1489348907385,18107
1489349268494,18108
1489349491419,18109
1489349517473,18110
1489349652931,18111
1489349744394,18112
1489349750295,18113
1489349754144,18114
1489349754968,18115
1489349960309,18116
1489350020715,18117
1489350157392,18118
1489350395401,18119
1489350554389,18120
1489351104367,18121
1489351224253,18122
1489351684145,18123
1489351850078,18124
1489353383905,18125
1489025687748,18126
1488842437934,18127
1488756160087,18128
1489354212107,18129
1489354954454,18130
1489355099466,18131
1489353696439,18132
1489356829540,18133
1489356969120,18134
1489357157022,18135
1489357203726,18136
1489357851343,18137
1489357884519,18138
1489358075638,18139
1489358320198,18140
1489358470601,18141
1489358563969,18142
1489358905625,18143
1489359286662,18144
1489359512014,18145
1489359623913,18146
1489359718861,18147
1489359771974,18148
1489360131117,18149
1489360135274,18150
1489360146051,18151
1489360173967,18152
1489360369258,18153
1489360394019,18154
1489360639072,18155
1489360661185,18156
1489360685079,18157
1489361109250,18158
1489361243790,18159
1489361368006,18160
1489361466901,18161
1489361788406,18162
1489361821722,18163
1489362218133,18164
1489362387435,18165
1489362790265,18166
1489362803096,18167
1489362813610,18168
1489362920028,18169
1489363246668,18170
1489363756863,18171
1489363863414,18172
1489353707177,18173
1489364562646,18174
1489364591442,18175
1489364889165,18176
1489365037643,18177
1489365443844,18178
1489365608006,18179
1489366548388,18180
1489366748939,18181
1489366823962,18182
1489367014040,18183
1489367363930,18184
1489367411680,18185
1489367424089,18186
1489367962771,18187
1489368090071,18188
1489368566856,18189
1489368588205,18190
1489368741437,18191
1489368875604,18192
1489368878393,18193
1489369043229,18194
1489369282197,18195
1489369307381,18196
1489369332805,18197
1489369438840,18198
1489369963859,18199
1489370215342,18200
1489370746259,18201
1489370797910,18202
1489370816899,18203
1489371254758,18204
1489371802304,18205
1489372171066,18206
1489372264666,18207
1489372283821,18208
1489372293623,18209
1489372505926,18210
1489372542668,18211
1489373283672,18212
1489373297491,18213
1489373429665,18214
1489373811633,18215
1489374101665,18216
1489374200628,18217
1489374316852,18218
1489374603215,18219
1489374694184,18220
1489375055324,18221
1489375150194,18222
1489375352177,18223
1489375672622,18224
1489375709248,18225
1489375762403,18226
1489353712677,18227
1489376142602,18228
1489376151443,18229
1489376249769,18230
1489376362822,18231
1489376588285,18232
1489376734387,18233
1489377015807,18234
1489377201840,18235
1489377306357,18236
1489377320382,18237
1489377331435,18238
1489377366590,18239
1489377375705,18240
1489377462972,18241
1489377869973,18242
1489377971479,18243
1489378220086,18244
1489378223541,18245
1489378343529,18246
1489378592370,18247
1489378777352,18248
1489378844613,18249
1489378874606,18250
1489378969633,18251
1489379067833,18252
1489379097477,18253
1489379133085,18254
1489379554394,18255
1489379844624,18256
1489379852564,18257
1489379866088,18258
1489379869452,18259
1489380122902,18260
1489380126012,18261
1489380346548,18262
1489272200842,18263
1489380980095,18264
1489381031521,18265
1489381165183,18266
1489381191515,18267
1489381275794,18268
1489381614421,18269
1489381671334,18270
1489382363104,18271
1489383133121,18272
1489402500997,18273
1489403651170,18274
1489404391538,18275
1489415629317,18276
1489415667987,18277
1489415697730,18278
1489415906706,18279
1489416162872,18280
1489416428711,18281
1489416628400,18282
1489416719455,18283
1489416889157,18284
1489416893509,18285
1489417254312,18286
1489417255760,18287
1489417465294,18288
1489417632813,18289
1489418043664,18290
1489418045192,18291
1489418409590,18292
1489418973534,18293
1489419276807,18294
1489420260039,18295
1489421398295,18296
1489422835540,18297
1489427238825,18298
1489427408321,18299
1489427544238,18300
1489428544025,18301
1489431039635,18302
1489433011957,18303
1489434735496,18304
1489437862353,18305
1489443857867,18306
1489443865025,18307
1489446326897,18308
1489452514146,18309
1489452983141,18310
1489453560890,18311
1489456105371,18312
1489456557705,18313
1489457074415,18314
1489458152688,18315
1489459047672,18316
1489459400211,18317
1489459900447,18318
1489460491325,18319
1489460780557,18320
1489460915390,18321
1489461853199,18322
1489463081914,18323
1489463368660,18324
1489464742780,18325
1489465230318,18326
1489466086318,18327
1489466204581,18328
1488729995485,18329
1489467309527,18330
1489467370854,18331
1489467851389,18332
1489468772125,18333
1489499564758,18334
1489501631514,18335
1489502124165,18336
1489503005783,18337
1489503850333,18338
1489504093003,18339
1489504779014,18340
1489507472971,18341
1489507844442,18342
1489508392134,18343
1489510046865,18344
1489510670177,18345
1489510862256,18346
1488729624826,18347
1489511695356,18348
1489511805994,18349
1489511814764,18350
1489512088282,18351
1489513791726,18352
1489514413781,18353
1489514900219,18354
1489515623515,18355
1489516362165,18356
1489517018199,18357
1489517261291,18358
1489520207963,18359
1489520220256,18360
1489520804780,18361
1489521278394,18362
1489521687345,18363
1489521995797,18364
1489522290506,18365
1489522464006,18366
1489523249121,18367
1489523384568,18368
1489523407127,18369
1489523412661,18370
1489524030037,18371
1489524030718,18372
1489524055821,18373
1489524071678,18374
1489524501979,18375
1489524907757,18376
1489524998413,18377
1489525394865,18378
1489525603558,18379
1489525949272,18380
1489526226424,18381
1489526408089,18382
1489526408666,18383
1489526409041,18384
1489526409269,18385
1489526409826,18386
1489526582940,18387
1489526584092,18388
1489528658214,18389
1489530205055,18390
1489531459839,18391
1489532472754,18392
1489537584768,18393
1489538285035,18394
1489539456711,18395
1489539608637,18396
1489540650637,18397
1489540780776,18398
1489540839802,18399
1489541427102,18400
1489541439569,18401
1489541967710,18402
1489542005079,18403
1489542569078,18404
1489542668905,18405
1489543002439,18406
1489543190716,18407
1489543263784,18408
1489543326489,18409
1489543375569,18410
1489543386043,18411
1489543681144,18412
1489543867522,18413
1488641601878,18414
1489544800311,18415
1489544826935,18416
1489545533768,18417
1489546927547,18418
1489547657644,18419
1489549694825,18420
1489549982330,18421
1489550468811,18422
1489550513138,18423
1489551051740,18424
1489551171563,18425
1489551825967,18426
1489552621835,18427
1489553642780,18428
1489555050669,18429
1489555149234,18430
1489556411647,18431
1489557087487,18432
1489557092423,18433
1489557705967,18434
1489557812899,18435
1489557819679,18436
1489585989926,18437
1489586005888,18438
1489589750728,18439
1489590885554,18440
1489591547589,18441
1489591678203,18442
1489592948344,18443
1489593652278,18444
1489594393881,18445
1489595286728,18446
1489595756626,18447
1489596212641,18448
1489598461580,18449
1489600027150,18450
1489601526908,18451
1489601738259,18452
1489607323337,18453
1489607784383,18454
1489608406919,18455
1489608934864,18456
1489609095557,18457
1489609533249,18458
1489610355679,18459
1489610633621,18460
1489610690315,18461
1489611210655,18462
1489611581904,18463
1489612222681,18464
1489614155068,18465
1489614158106,18466
1489614265094,18467
1489614673169,18468
1489615073291,18469
1489615220700,18470
1489615657172,18471
1489615772897,18472
1489615798882,18473
1489616116838,18474
1489616145568,18475
1489616297080,18476
1489616383369,18477
1489616753727,18478
1489616759938,18479
1489616797224,18480
1489617112414,18481
1489618054275,18482
1489629948081,18483
1489630079568,18484
1489630324936,18485
1489630560841,18486
1489630714425,18487
1489631450404,18488
1489632039640,18489
1489632222744,18490
1489632272510,18491
1489632392773,18492
1489632445836,18493
1489632658212,18494
1489632662201,18495
1489633566432,18496
1489634234134,18497
1489634552136,18498
1489634633444,18499
1489635977444,18500
1489637116112,18501
1489637148392,18502
1489637326786,18503
1489637709986,18504
1489637712427,18505
1489637906862,18506
1489637909979,18507
1489638050773,18508
1489638258482,18509
1489638563864,18510
1489638830649,18511
1489638869504,18512
1489639008696,18513
1489639187113,18514
1489639223151,18515
1489639224493,18516
1489639284325,18517
1489639380601,18518
1489639557235,18519
1489639931584,18520
1489639954326,18521
1489640309909,18522
1489640432953,18523
1489641241482,18524
1489642288707,18525
1489644966426,18526
1489647282203,18527
1489661139001,18528
1489661512711,18529
1489662072579,18530
1489663389677,18531
1489664793776,18532
1489674687563,18533
1489676472593,18534
1489678361211,18535
1489678710535,18536
1489678830449,18537
1489679568908,18538
1489681326919,18539
1489681651269,18540
1489682338512,18541
1489682558654,18542
1489683990687,18543
1489684984219,18544
1489686269401,18545
1489690638237,18546
1489690950890,18547
1489692332788,18548
1489692826403,18549
1489693368139,18550
1489693449482,18551
1489694164862,18552
1489694236259,18553
1489694436348,18554
1489696189670,18555
1489697775917,18556
1489697879434,18557
1489697893460,18558
1489698445058,18559
1489706061091,18560
1489706319668,18561
1489708470476,18562
1489708518707,18563
1489710477455,18564
1489710477088,18565
1489710479549,18566
1489710479946,18567
1489710480911,18568
1489710480967,18569
1489714322727,18570
1489714543090,18571
1489715560763,18572
1489715957835,18573
1489716369420,18574
1489716671931,18575
1489716949721,18576
1489717971243,18577
1489721108607,18578
1489722556976,18579
1489748951218,18580
1489751741451,18581
1489753242975,18582
1489764275167,18583
1489765845150,18584
1489769323367,18585
1489770697513,18586
1489771859629,18587
1489772095780,18588
1489772479399,18589
1489772957019,18590
1489774980933,18591
1489777822644,18592
1489778218496,18593
1489779042700,18594
1489780057021,18595
1489781719221,18596
1489783540383,18597
1489783545886,18598
1489786157431,18599
1489786900443,18600
1489788299836,18601
1489789023774,18602
1489789336193,18603
1489789826275,18604
1489790135420,18605
1489791153232,18606
1489791302320,18607
1489792030570,18608
1489792033241,18609
1489792241613,18610
1489792974290,18611
1489793294947,18612
1489793354862,18613
1489793568281,18614
1489793863996,18615
1489798388579,18616
1489800518243,18617
1489801533564,18618
1489804229096,18619
1489806038792,18620
1489806859153,18621
1489807657183,18622
1489808411299,18623
1489809102024,18624
1489811607899,18625
1489812051682,18626
1489813339603,18627
1489814290002,18628
1489814296801,18629
1489844383274,18630
1489846313549,18631
1489846531192,18632
1489847212748,18633
1489847507675,18634
1489847519127,18635
1489847948659,18636
1489848651364,18637
1489848981672,18638
1489850352516,18639
1489850363624,18640
1489853967522,18641
1489859245731,18642
1489868860264,18643
1489868863628,18644
1489869177954,18645
1489869401955,18646
1489869911388,18647
1489871339864,18648
1489871862899,18649
1489872107896,18650
1489873124167,18651
1489873233205,18652
1489873696642,18653
1489873711910,18654
1489873714425,18655
1489874350726,18656
1489875747202,18657
1489876119979,18658
1489876121853,18659
1489876355663,18660
1489876728494,18661
1489877447816,18662
1489877618220,18663
1489877937882,18664
1489878007088,18665
1489878766501,18666
1489879555479,18667
1489880785731,18668
1489881610658,18669
1489882459389,18670
1489888035718,18671
1489888037546,18672
1489888598843,18673
1489888632106,18674
1489888914295,18675
1489889572345,18676
1489889636003,18677
1489889839442,18678
1489890312339,18679
1489890419882,18680
1489890419985,18681
1489890837547,18682
1489891298766,18683
1489891761877,18684
1489892892570,18685
1489899189110,18686
1489927207943,18687
1489929088737,18688
1489931897209,18689
1489931905160,18690
1489934032444,18691
1489934964640,18692
1489935169241,18693
1489936692074,18694
1489936694463,18695
1489939333381,18696
1489939340645,18697
1489939992418,18698
1489940619440,18699
1489941282787,18700
1489941285112,18701
1489941392539,18702
1489941843090,18703
1489942632390,18704
1489942924229,18705
1489943371540,18706
1489943385972,18707
1489943389941,18708
1489944044471,18709
1489944173642,18710
1489944206533,18711
1489945352593,18712
1489945549750,18713
1489945886466,18714
1489946145240,18715
1489946187412,18716
1489946867196,18717
1489947464200,18718
1489947787665,18719
1489948120264,18720
1489948818051,18721
1489948818439,18722
1489948820414,18723
1489948889460,18724
1489950147052,18725
1489951498688,18726
1489951753423,18727
1489951835183,18728
1489951939586,18729
1489952178297,18730
1489952849746,18731
1489953095536,18732
1489953597401,18733
1489953871225,18734
1489954973398,18735
1489955007162,18736
1489955043106,18737
1489955905904,18738
1489956253745,18739
1489956490194,18740
1489956552165,18741
1489959223116,18742
1489959895827,18743
1489960014377,18744
1489960755974,18745
1489961551996,18746
1489962702212,18747
1489963395632,18748
1489963711893,18749
1489963849441,18750
1489967346359,18751
1489968072321,18752
1489968763978,18753
1489970103554,18754
1489971111201,18755
1489972482937,18756
1489973161452,18757
1489973603504,18758
1489974133433,18759
1489974133391,18760
1489974223278,18761
1489974557681,18762
1489974598239,18763
1489975081959,18764
1489975459637,18765
1489975529863,18766
1489975750266,18767
1489976346214,18768
1489977016268,18769
1489978056798,18770
1489980828302,18771
1489981093128,18772
1489981600262,18773
1489982319459,18774
1489983027368,18775
1489983902499,18776
1489984240445,18777
1489984791841,18778
1489985266505,18779
1489985572125,18780
1489985701575,18781
1489986413956,18782
1489986428890,18783
1489987476897,18784
1489988056960,18785
1489988408893,18786
1489989671371,18787
1489990446847,18788
1489990737322,18789
1489991179504,18790
1489991648780,18791
1490025184911,18792
1490025766173,18793
1490025805491,18794
1490026814947,18795
1490027091875,18796
1490028584912,18797
1490028959711,18798
1490031285276,18799
1490031606702,18800
1490031869747,18801
1490032447739,18802
1490033040995,18803
1490035879326,18804
1490036133489,18805
1490038451373,18806
1490039100609,18807
1490039306275,18808
1490040744105,18809
1490041196052,18810
1490042576111,18811
1490042725129,18812
1490042937615,18813
1490044609209,18814
1490044625193,18815
1490045534707,18816
1490045722262,18817
1490046227420,18818
1490046257070,18819
1490046558743,18820
1490047081831,18821
1490047355728,18822
1490047546929,18823
1490047892526,18824
1490047994939,18825
1490048745301,18826
1490049737546,18827
1490049904509,18828
1490049939391,18829
1490054388045,18830
1490058172464,18831
1490058476671,18832
1490059036854,18833
1490059831615,18834
1490061460736,18835
1490064378853,18836
1490082710183,18837
1490082865053,18838
1490082866591,18839
1490083011834,18840
1490083329392,18841
1490083629710,18842
1490084772331,18843
1490085050956,18844
1490085231375,18845
1490104927815,18846
1490105262396,18847
1490105323880,18848
1490110122736,18849
1490111471756,18850
1490112503403,18851
1490112630493,18852
1490112905685,18853
1490113315266,18854
1490113964313,18855
1490114489108,18856
1490114692882,18857
1490115562797,18858
1490116076640,18859
1490116848079,18860
1490128201170,18861
1490130149086,18862
1490130221791,18863
1490131347004,18864
1490132453143,18865
1490135008189,18866
1490135016457,18867
1490139329729,18868
1490140027481,18869
1490144054379,18870
1490145144243,18871
1490147034897,18872
1490148323158,18873
1490148792310,18874
1490149001122,18875
1490150224983,18876
1490151162394,18877
1490152370375,18878
1490153921794,18879
1490155297850,18880
1490156713885,18881
1490157274229,18882
1490192506137,18883
1490206080799,18884
1490210337954,18885
1490210599993,18886
1490211395969,18887
1490211673514,18888
1490212530152,18889
1490213529228,18890
1490213952651,18891
1490214682933,18892
1490214728233,18893
1490214738844,18894
1490214824108,18895
1490215247934,18896
1490215250237,18897
1490217854485,18898
1490218529314,18899
1490218720066,18900
1490219217407,18901
1490219687223,18902
1490220439763,18903
1490221272967,18904
1490221916099,18905
1490222190308,18906
1490222290727,18907
1490222880927,18908
1490224136555,18909
1490230268556,18910
1490231431907,18911
1490232118466,18912
1490232486070,18913
1490232972837,18914
1490235031273,18915
1490235682527,18916
1490235839694,18917
1490237050693,18918
1490237467654,18919
1490238396280,18920
1490238603340,18921
1490239700558,18922
1490239848677,18923
1490240196141,18924
1490240957873,18925
1490241579329,18926
1490242814200,18927
1490243641859,18928
1490244069096,18929
1490277283775,18930
1490279853124,18931
1490280980937,18932
1490280999690,18933
1490282166180,18934
1490282198452,18935
1490282869852,18936
1490283248239,18937
1490283853212,18938
1490284299868,18939
1490284521590,18940
1490284864648,18941
1490284879022,18942
1490284923430,18943
1490285071199,18944
1490285205336,18945
1490285353894,18946
1490285708726,18947
1490285990683,18948
1490286374271,18949
1490286560279,18950
1490286637188,18951
1490286993773,18952
1490287534501,18953
1490287553398,18954
1490288074802,18955
1490288843190,18956
1490289097233,18957
1490290852560,18958
1490296084823,18959
1490297568247,18960
1490298639290,18961
1490300549917,18962
1490300686177,18963
1490305629303,18964
1490306184621,18965
1490317278001,18966
1490317309073,18967
1490317814407,18968
1490318005498,18969
1490319036763,18970
1490320130116,18971
1490320703614,18972
1490321515956,18973
1490321896253,18974
1490321957017,18975
1490322581191,18976
1490322766970,18977
1490323572147,18978
1490323710878,18979
1490324690266,18980
1490325279795,18981
1490326096982,18982
1490326604175,18983
1490327131507,18984
1490328449593,18985
1490329026194,18986
1490329254265,18987
1490329702468,18988
1490329821527,18989
1490330378221,18990
1490330854436,18991
1490334022342,18992
1490334919398,18993
1490336188060,18994
1490343314843,18995
1490349342208,18996
1490352136977,18997
1490352590263,18998
1490359361670,18999
1490359992292,19000
1490360760942,19001
1490361617000,19002
1490366837264,19003
1490367223217,19004
1490368393254,19005
1490369587392,19006
1490369590341,19007
1490369654679,19008
1490374155016,19009
1490383267960,19010
1490383868338,19011
1490384547407,19012
1490385472485,19013
1490387135290,19014
1490389099693,19015
1490391501057,19016
1490394834856,19017
1490395587601,19018
1490396414192,19019
1490396783829,19020
1490397149191,19021
1490398131297,19022
1490399418071,19023
1490401060185,19024
1490411885401,19025
1490413051444,19026
1490413457849,19027
1490413842673,19028
1490415743242,19029
1490449931674,19030
1490450355262,19031
1490450870763,19032
1490450933286,19033
1490451716298,19034
1490452669578,19035
1490452903641,19036
1490453068999,19037
1490453663424,19038
1490453902946,19039
1490454061482,19040
1490454382984,19041
1490454694743,19042
1490454913324,19043
1490457455854,19044
1490458172967,19045
1490458460581,19046
1490459231572,19047
1490460951056,19048
1490461499155,19049
1490465061222,19050
1490465481150,19051
1490466571737,19052
1490467405168,19053
1490468725950,19054
1490469216172,19055
1490469211318,19056
1490470346919,19057
1490471239528,19058
1490471246468,19059
1490471459647,19060
1490471781733,19061
1490471899173,19062
1490472213964,19063
1490472489782,19064
1490472701579,19065
1490472803022,19066
1490473389323,19067
1490473573264,19068
1490473996125,19069
1490474664881,19070
1490474825828,19071
1490474924096,19072
1490475268417,19073
1490475353113,19074
1490475864529,19075
1490476619446,19076
1490476964891,19077
1490477525491,19078
1490477543139,19079
1490478240930,19080
1490479408217,19081
1490479862483,19082
1490479916907,19083
1490480521882,19084
1490480656884,19085
1490484676234,19086
1490487100620,19087
1490487237586,19088
1490487629677,19089
1490488260799,19090
1490488706346,19091
1490488802737,19092
1490488961690,19093
1490489208901,19094
1490489370287,19095
1490489818087,19096
1490489925399,19097
1490490890513,19098
1490490987758,19099
1490491927669,19100
1490492045204,19101
1490492966456,19102
1490493399210,19103
1490493480401,19104
1490493595741,19105
1490493829058,19106
1490494644328,19107
1490495392542,19108
1490495591730,19109
1490495796299,19110
1490497063222,19111
1490497762915,19112
1490498105468,19113
1490498650197,19114
1490499551495,19115
1490500111293,19116
1490500261276,19117
1490500287163,19118
1490500874616,19119
1490501487848,19120
1490502115601,19121
1490502119030,19122
1490503537968,19123
1490506296062,19124
1490507649487,19125
1490509197466,19126
1490509229322,19127
1490536988057,19128
1490538100836,19129
1490539803604,19130
1490540045816,19131
1490541319218,19132
1490541795352,19133
1490542298257,19134
1490542795221,19135
1490542978592,19136
1490543779832,19137
1490544320599,19138
1490544789646,19139
1490546025378,19140
1490547074563,19141
1490547322169,19142
1490547712272,19143
1490547984919,19144
1490547999516,19145
1490549075846,19146
1490549264622,19147
1490549461207,19148
1490549846383,19149
1490550152382,19150
1490550633490,19151
1490550787224,19152
1490550792017,19153
1490550855757,19154
1490551086872,19155
1490551268467,19156
1490551711557,19157
1490551987798,19158
1490552100116,19159
1490552140580,19160
1490552469008,19161
1490552965865,19162
1490553170754,19163
1490553198389,19164
1490553548893,19165
1490554550868,19166
1490555099218,19167
1490555231579,19168
1490555838147,19169
1490556410136,19170
1490556643926,19171
1490556673601,19172
1490556730393,19173
1490556955284,19174
1490557092918,19175
1490557120837,19176
1490557283497,19177
1490557958252,19178
1490558359854,19179
1490558761351,19180
1490559080807,19181
1490559401295,19182
1490560088159,19183
1490561010136,19184
1490562441201,19185
1490563127111,19186
1490564465041,19187
1490565352986,19188
1490565580750,19189
1490566617224,19190
1490567454761,19191
1490567851014,19192
1490568990240,19193
1490569207803,19194
1490569575591,19195
1490570785102,19196
1490572379226,19197
1490572805388,19198
1490572807737,19199
1490573202052,19200
1490574373223,19201
1490574807177,19202
1490574822944,19203
1490574928565,19204
1490575543875,19205
1490575665567,19206
1490576154513,19207
1490576237104,19208
1490576271354,19209
1490576316912,19210
1490576689630,19211
1490576702241,19212
1490576801295,19213
1490576891132,19214
1490576907778,19215
1490577159119,19216
1490577726023,19217
1490577819559,19218
1490578045961,19219
1490578324845,19220
1490578342280,19221
1490578500144,19222
1490578514377,19223
1490578639699,19224
1490578781693,19225
1490579451583,19226
1490580087400,19227
1490581461045,19228
1490581550709,19229
1490582278955,19230
1490582624368,19231
1490583046958,19232
1490583280179,19233
1490583824045,19234
1490584332398,19235
1490584719442,19236
1490586171868,19237
1490586597620,19238
1490586992822,19239
1490587077266,19240
1490588399110,19241
1490588796786,19242
1490588989335,19243
1490588990482,19244
1490589259924,19245
1490589557930,19246
1490589888734,19247
1490589976187,19248
1490590319727,19249
1490590434784,19250
1490590813121,19251
1490590883336,19252
1490591391745,19253
1490591559818,19254
1490592503735,19255
1490593177836,19256
1490593494636,19257
1490595876076,19258
1490596759993,19259
1490597141678,19260
1490597157735,19261
1490598449627,19262
1490599505822,19263
1490627333563,19264
1490628754075,19265
1490629473921,19266
1490631021023,19267
1490631379594,19268
1490631544036,19269
1490631820978,19270
1490631979818,19271
1490632135324,19272
1490632167415,19273
1490632777255,19274
1490632777485,19275
1490633334023,19276
1490633589861,19277
1490633938299,19278
1490634034821,19279
1490634536833,19280
1490634619167,19281
1490634648863,19282
1490634762331,19283
1490634912301,19284
1490635163009,19285
1490635370069,19286
1490635781314,19287
1490637295215,19288
1490637672964,19289
1490638722799,19290
1490641457984,19291
1490641708804,19292
1490642831457,19293
1490643047382,19294
1490643395728,19295
1490643737202,19296
1490644366117,19297
1490644512200,19298
1490644796725,19299
1490644833239,19300
1490645374528,19301
1490645374632,19302
1490645376883,19303
1490645717496,19304
1490647282567,19305
1490647368359,19306
1490648208993,19307
1490648622133,19308
1490648960792,19309
1490649702151,19310
1490650288880,19311
1490650602361,19312
1490651153968,19313
1490651295813,19314
1490651534647,19315
1490651936802,19316
1490651937231,19317
1490652037271,19318
1490652343895,19319
1490653370439,19320
1490653371810,19321
1490653372005,19322
1490653374782,19323
1490653835143,19324
1490654172549,19325
1490654668062,19326
1490655463696,19327
1490655781024,19328
1490655851646,19329
1490656609773,19330
1490656768832,19331
1490657981671,19332
1490664297135,19333
1490664863919,19334
1490667216422,19335
1490667924338,19336
1490668063936,19337
1490668903371,19338
1490668917424,19339
1490669254082,19340
1490669558560,19341
1490671498715,19342
1490673878397,19343
1490675066993,19344
1490677087261,19345
1490677801784,19346
1490678442760,19347
1490678743682,19348
1490691480013,19349
1490707896351,19350
1490709756662,19351
1490710771906,19352
1490711028158,19353
1490711866910,19354
1490712241403,19355
1490712666999,19356
1490713164331,19357
1490714479491,19358
1490714644612,19359
1490714652940,19360
1490714945070,19361
1490716854682,19362
1490717259421,19363
1490717623903,19364
1490717625835,19365
1490717810694,19366
1490718055426,19367
1490718113078,19368
1490718586311,19369
1490719249293,19370
1490719311882,19371
1490720037364,19372
1490720504603,19373
1490721144798,19374
1490721620721,19375
1490721971795,19376
1490721973005,19377
1490722833675,19378
1490724788627,19379
1490725352047,19380
1490725908183,19381
1490726227827,19382
1490726375585,19383
1490727227755,19384
1490728750494,19385
1490729279612,19386
1490729740649,19387
1490730609222,19388
1490730897379,19389
1490731253190,19390
1490731716291,19391
1490731747470,19392
1490731753105,19393
1490732047221,19394
1490732559782,19395
1490732696378,19396
1490734660897,19397
1490734707032,19398
1490735060353,19399
1490735909162,19400
1490737242876,19401
1490737460911,19402
1490737538635,19403
1490737937449,19404
1490737948279,19405
1490738826156,19406
1490739206646,19407
1490745027836,19408
1490747271644,19409
1490748133465,19410
1490748724656,19411
1490750042734,19412
1490751030519,19413
1490751696771,19414
1490752523090,19415
1490752745221,19416
1490752949686,19417
1490753482201,19418
1490753674553,19419
1490753723697,19420
1490753773074,19421
1490754401707,19422
1490755147024,19423
1490756099926,19424
1490756149033,19425
1490756252455,19426
1490756729478,19427
1490757462627,19428
1490758042721,19429
1490759028678,19430
1490759206614,19431
1490760011102,19432
1490760449984,19433
1490760604891,19434
1490760832040,19435
1490761143361,19436
1490762088809,19437
1490764095349,19438
1490766652469,19439
1490767987974,19440
1490770045847,19441
1490771408140,19442
1490773747790,19443
1490774535134,19444
1490775456747,19445
1490776735642,19446
1490778416084,19447
1490779502381,19448
1490797684173,19449
1490803827341,19450
1490803849352,19451
1490803849344,19452
1490803849373,19453
1490814197286,19454
1490815523808,19455
1490815941221,19456
1490816260732,19457
1490817156732,19458
1490817281023,19459
1490817954087,19460
1490818328583,19461
1490818789687,19462
1490820940859,19463
1490821199521,19464
1490821361873,19465
1490822268200,19466
1490824434205,19467
1490833018565,19468
1490836982010,19469
1490838501632,19470
1490840088584,19471
1490842746927,19472
1490843338508,19473
1490845584366,19474
1490846584204,19475
1490847330515,19476
1490848049750,19477
1490848684515,19478
1490849108833,19479
1490849120773,19480
1490851806090,19481
1490851811705,19482
1490870866254,19483
1490878630584,19484
1490881464152,19485
1490882523020,19486
1490882984838,19487
1490885267648,19488
1490885521720,19489
1490886680488,19490
1490886795216,19491
1490886828342,19492
1490887038301,19493
1490887283450,19494
1490887398791,19495
1490887446229,19496
1490887747023,19497
1490887804548,19498
1490889051119,19499
1490889603653,19500
1490890784353,19501
1490891851321,19502
1490892342670,19503
1490892735886,19504
1490893236384,19505
1490893609954,19506
1490893853559,19507
1490894296538,19508
1490894398861,19509
1490901828122,19510
1490901912809,19511
1490902032244,19512
1490902531679,19513
1490905913646,19514
1490906808960,19515
1490907514024,19516
1490907748911,19517
1490908317291,19518
1490909818189,19519
1490911396959,19520
1490911459444,19521
1490911745186,19522
1490911909072,19523
1490913292256,19524
1490914036223,19525
1490914564082,19526
1490921844523,19527
1490924083348,19528
1490925062083,19529
1490926383528,19530
1490927106630,19531
1490928081582,19532
1490928293836,19533
1490928482382,19534
1490930257846,19535
1490931392850,19536
1490934172937,19537
1490934163015,19538
1490935144377,19539
1490959357935,19540
1490960726717,19541
1490963543162,19542
1490964596287,19543
1490966478137,19544
1490967436606,19545
1490967438903,19546
1490968846414,19547
1490970233385,19548
1490971653997,19549
1490974316396,19550
1490975659108,19551
1490975688499,19552
1490975755099,19553
1490975970951,19554
1490976266155,19555
1490976542449,19556
1490976701702,19557
1490987726902,19558
1490989804236,19559
1490991960639,19560
1490992885876,19561
1490993154263,19562
1491005256124,19563
1491007342225,19564
1491008085993,19565
1491009258411,19566
1491010255038,19567
1491023443711,19568
1491024144148,19569
1491024866978,19570
1491056627067,19571
1491056632108,19572
1491056863113,19573
1491057312920,19574
1491058170774,19575
1491058553228,19576
1491061104829,19577
1491069394942,19578
1491069934435,19579
1491070148391,19580
1491071301576,19581
1491071394032,19582
1491072548675,19583
1491072901590,19584
1491074056953,19585
1491074322077,19586
1491074962041,19587
1491075954279,19588
1491095139704,19589
1491095648116,19590
1491096987666,19591
1491097623707,19592
1491099795774,19593
1491100612947,19594
1491101090493,19595
1491101442632,19596
1491101480819,19597
1491103060572,19598
1491103615069,19599
1491103779333,19600
1491103875865,19601
1491104070307,19602
1491104095792,19603
1491104157574,19604
1491104334320,19605
1491104565111,19606
1491105304208,19607
1491105785233,19608
1491105874729,19609
1491117056108,19610
1491117422484,19611
1491117870000,19612
1491118439760,19613
1491140837912,19614
1491141629331,19615
1491142586608,19616
1491143700519,19617
1491144334258,19618
1491146177483,19619
1491147220123,19620
1491148112561,19621
1491149529007,19622
1491152818964,19623
1491153278185,19624
1491153302965,19625
1491153456532,19626
1491153674276,19627
1491154266306,19628
1491156275179,19629
1491156882971,19630
1491158186847,19631
1491158228660,19632
1491158611729,19633
1491158656461,19634
1491159166647,19635
1491159287590,19636
1491160125539,19637
1491160394938,19638
1491161327588,19639
1491162020725,19640
1491162936632,19641
1491162984249,19642
1491163198252,19643
1491163817042,19644
1491164255435,19645
1491164694667,19646
1491165762908,19647
1491167511226,19648
1491167656649,19649
1491168026969,19650
1491168028670,19651
1491168254208,19652
1491168547847,19653
1491168989690,19654
1491169122481,19655
1491169240219,19656
1491169957313,19657
1491170278112,19658
1491170530450,19659
1491171135201,19660
1491171299870,19661
1491171953055,19662
1491172471738,19663
1491172542779,19664
1491172887053,19665
1491174113255,19666
1491174120543,19667
1491174509014,19668
1491175444621,19669
1491176418497,19670
1491177100613,19671
1491177604968,19672
1491179499935,19673
1491179706597,19674
1491180276945,19675
1491180307192,19676
1491180707457,19677
1491181160746,19678
1491181513388,19679
1491183027091,19680
1491183386772,19681
1491183623181,19682
1491184025565,19683
1491184140722,19684
1491184387690,19685
1491184663684,19686
1491185271377,19687
1491185840920,19688
1491187438388,19689
1491187441224,19690
1491187460743,19691
1491188126782,19692
1491189678596,19693
1491189833598,19694
1491190269678,19695
1491191200682,19696
1491191205167,19697
1491191496977,19698
1491193990898,19699
1491195095984,19700
1491195433564,19701
1491195496213,19702
1491198162256,19703
1491198329467,19704
1491199036098,19705
1491202014004,19706
1491206308216,19707
1491207096512,19708
1491208240276,19709
1491227995067,19710
1491228593074,19711
1491229357692,19712
1491230444740,19713
1491230704649,19714
1491231137714,19715
1491235701114,19716
1491236871496,19717
1491236920656,19718
1491238466143,19719
1491240581823,19720
1491240791539,19721
1491241719842,19722
1491241854454,19723
1491243310294,19724
1491245891352,19725
1491246545180,19726
1491248569161,19727
1491248714896,19728
1491248721208,19729
1491248951281,19730
1491249185180,19731
1491249428756,19732
1491249872928,19733
1491250093769,19734
1491250576101,19735
1491251390987,19736
1491251418922,19737
1491251762906,19738
1491252212928,19739
1491252213663,19740
1491252294317,19741
1491252724967,19742
1491253330833,19743
1491253687406,19744
1491253836546,19745
1491262127177,19746
1491263282624,19747
1491263572719,19748
1491263948956,19749
1491265084403,19750
1491265303063,19751
1491265794818,19752
1491266341168,19753
1491266525280,19754
1491266993065,19755
1491267325707,19756
1491267574641,19757
1491268240501,19758
1491268734957,19759
1491269517878,19760
1491270708411,19761
1491271226008,19762
1491271581259,19763
1491272200080,19764
1491272421358,19765
1491272723751,19766
1491273146163,19767
1491274682536,19768
1491275882129,19769
1491278608584,19770
1491278610916,19771
1491279818311,19772
1491279850262,19773
1491279853447,19774
1491313883871,19775
1491318962863,19776
1491322791129,19777
1491323929545,19778
1491323938065,19779
1491328385985,19780
1491329534576,19781
1491337856245,19782
1491339894053,19783
1491340473134,19784
1491347510758,19785
1491347514728,19786
1491347599119,19787
1491347601596,19788
1491349201650,19789
1491350556661,19790
1491357190073,19791
1491358251416,19792
1491358405479,19793
1491359290554,19794
1491359562082,19795
1491361201980,19796
1491361463854,19797
1491362005197,19798
1491362293987,19799
1491362589568,19800
1491363111567,19801
1491363793432,19802
1491365211685,19803
1491365760903,19804
1491365870525,19805
1491365947224,19806
1491366338299,19807
1491366507921,19808
1491367019105,19809
1491367127680,19810
1491367177351,19811
1491367306817,19812
1491367323642,19813
1491367325727,19814
1491368433419,19815
1491368971400,19816
1491369642618,19817
1491370457838,19818
1491407741034,19819
1491409597744,19820
1491410653236,19821
1491410677305,19822
1491410754406,19823
1491411542438,19824
1491411543477,19825
1491413004460,19826
1491426274418,19827
1491428872101,19828
1491429443657,19829
1491432931340,19830
1491441538351,19831
1491441687596,19832
1491443326993,19833
1491445337955,19834
1491446098581,19835
1491446249600,19836
1491446342361,19837
1491448549376,19838
1491448692506,19839
1491448977316,19840
1491449315349,19841
1491450723863,19842
1491451699793,19843
1491451869373,19844
1491452006506,19845
1491452088545,19846
1491453130206,19847
1491453521931,19848
1491454337177,19849
1491455283471,19850
1491455412579,19851
1491456351128,19852
1491458057633,19853
1491458983204,19854
1491477010002,19855
1491477777227,19856
1491496614295,19857
1491497298514,19858
1491497705709,19859
1491498728881,19860
1491500258191,19861
1491505889119,19862
1491506783362,19863
1491508170579,19864
1491508542042,19865
1491510775328,19866
1491512321707,19867
1491516000631,19868
1491517361565,19869
1491518446761,19870
1491518785966,19871
1491519411514,19872
1491519413544,19873
1491523149859,19874
1491523955643,19875
1491523961677,19876
1491525651448,19877
1491529721793,19878
1491530377646,19879
1491565800568,19880
1491571329563,19881
1491572898281,19882
1491573751624,19883
1491583965913,19884
1491585171404,19885
1491586739115,19886
1491586921792,19887
1491587691133,19888
1491590220183,19889
1491590715481,19890
1491590965966,19891
1491591837782,19892
1491594223812,19893
1491594339331,19894
1491595412141,19895
1491596774980,19896
1491598342695,19897
1491603111182,19898
1491603745831,19899
1491606871726,19900
1491610987384,19901
1491612082095,19902
1491612248823,19903
1491612691165,19904
1491613851362,19905
1491614075869,19906
1491615243032,19907
1491615324222,19908
1491616556653,19909
1491617208227,19910
1491622184962,19911
1491625890010,19912
1491626332157,19913
1491627028106,19914
1491665062180,19915
1491666270898,19916
1491668814114,19917
1491670174119,19918
1491670951306,19919
1491671385001,19920
1491672193916,19921
1491674700735,19922
1491674766545,19923
1491680656185,19924
1491683231762,19925
1491683891225,19926
1491684630003,19927
1491685486542,19928
1491685889459,19929
1491686220476,19930
1491687584911,19931
1491690178743,19932
1491691247223,19933
1491692891841,19934
1491695758957,19935
1491697821741,19936
1491697842312,19937
1491701641321,19938
1491701653012,19939
1491701663231,19940
1491746732081,19941
1491747427715,19942
1491748171395,19943
1491748978585,19944
1491749099179,19945
1491749211162,19946
1491749716767,19947
1491750446085,19948
1491750890653,19949
1491751353862,19950
1491751624234,19951
1491752641004,19952
1491752955065,19953
1491753168534,19954
1491756680324,19955
1491757977049,19956
1491760022506,19957
1491760090643,19958
1491761542192,19959
1491763821461,19960
1491765063693,19961
1491766979110,19962
1491767584375,19963
1491768033928,19964
1491768227017,19965
1491768931485,19966
1491769362513,19967
1491769938031,19968
1491770736947,19969
1491771006440,19970
1491771508299,19971
1491772191589,19972
1491772392024,19973
1491773153253,19974
1491773495285,19975
1491774145771,19976
1491774691780,19977
1491774695585,19978
1491776332497,19979
1491776735889,19980
1491777997681,19981
1491778393270,19982
1491778647701,19983
1491778880514,19984
1491778932591,19985
1491779077462,19986
1491779099874,19987
1491779452443,19988
1491779665421,19989
1491780789034,19990
1491783622235,19991
1491784263506,19992
1491785084010,19993
1491785570508,19994
1491786227279,19995
1491786532148,19996
1491787146069,19997
1491787340343,19998
1491789547919,19999
1491789607095,20000
1491789700108,20001
1491790949957,20002
1491793656254,20003
1491793931318,20004
1491794606365,20005
1491795689538,20006
1491796228072,20007
1491799129931,20008
1491799458570,20009
1491801435854,20010
1491802103569,20011
1491802487488,20012
1491804619985,20013
1491804620008,20014
1491805042071,20015
1491805341259,20016
1491805731091,20017
1491806241441,20018
1491830501353,20019
1491832160687,20020
1491832759826,20021
1491834556964,20022
1491839417326,20023
1491841182351,20024
1491841596208,20025
1491842394708,20026
1491843383438,20027
1491844334144,20028
1491846280553,20029
1491846749030,20030
1491848384926,20031
1491851633332,20032
1491855604428,20033
1491856780191,20034
1491856999262,20035
1491857338363,20036
1491858155250,20037
1491858522211,20038
1491859481042,20039
1491859943334,20040
1491861189750,20041
1491862736110,20042
1491862806556,20043
1491864578171,20044
1491866014298,20045
1491866721246,20046
1491875042920,20047
1491877102250,20048
1491879014981,20049
1491881634061,20050
1491888028240,20051
1491919181715,20052
1491920167184,20053
1491920746861,20054
1491921820563,20055
1491922724804,20056
1491929128033,20057
1491930035613,20058
1491932762119,20059
1491936538277,20060
1491937153193,20061
1491937189366,20062
1491938880783,20063
1491940103573,20064
1491941144760,20065
1491943166705,20066
1491946170629,20067
1491946984379,20068
1491946987258,20069
1491948809184,20070
1491949739077,20071
1491950438568,20072
1491950514262,20073
1491950608329,20074
1491953082557,20075
1491954585863,20076
1491954585814,20077
1491955580541,20078
1491955877470,20079
1491956267860,20080
1491962964123,20081
1491964549071,20082
1491967889279,20083
1491971462258,20084
1491972364164,20085
1491996218673,20086
1491996222802,20087
1491996939882,20088
1491997575930,20089
1491997997980,20090
1491998265516,20091
1492010714220,20092
1492010716609,20093
1492010717230,20094
1492016095674,20095
1492027376787,20096
1492028221262,20097
1492028881371,20098
1492029752373,20099
1492029940575,20100
1492030257884,20101
1492030833715,20102
1492033492153,20103
1492033568591,20104
1492033603377,20105
1492033898423,20106
1492034424524,20107
1492034509713,20108
1492035014633,20109
1492035288228,20110
1492035314254,20111
1492035742011,20112
1492037738061,20113
1492037833230,20114
1492038016288,20115
1492038473607,20116
1492038721995,20117
1492038730242,20118
1492039047478,20119
1492039428984,20120
1492039915275,20121
1492040337107,20122
1492040684985,20123
1492040979500,20124
1492042157235,20125
1492044630143,20126
1492045161672,20127
1492045470142,20128
1492046066325,20129
1492046211726,20130
1492054982790,20131
1492057163030,20132
1492058602810,20133
1492059150325,20134
1492059240565,20135
1492060432118,20136
1492060897911,20137
1492060920158,20138
1492061939816,20139
1492062784655,20140
1492064936430,20141
1492097346974,20142
1492097833472,20143
1492098365989,20144
1492099039664,20145
1492101504146,20146
1492101968929,20147
1492102328059,20148
1492102571982,20149
1492102790340,20150
1492102899984,20151
1492103093206,20152
1492103937985,20153
1492104489041,20154
1492104805119,20155
1492104806958,20156
1492108976821,20157
1492111830224,20158
1492113085966,20159
1492113686742,20160
1492114614608,20161
1492115384062,20162
1492117346400,20163
1492121645917,20164
1492123143234,20165
1492124737369,20166
1492125650409,20167
1492126563064,20168
1492129457197,20169
1492131691339,20170
1492131942327,20171
1492132249454,20172
1492132457453,20173
1492133202020,20174
1492134013261,20175
1492134598095,20176
1492135549483,20177
1492135608832,20178
1492139080633,20179
1492141121057,20180
1492142584904,20181
1492181706282,20182
1492185958182,20183
1492186616886,20184
1492186819750,20185
1492187029537,20186
1492187246726,20187
1492187395973,20188
1492187589208,20189
1492188182866,20190
1492188485775,20191
1492188915130,20192
1492189337448,20193
1492192946801,20194
1492193155444,20195
1492193201178,20196
1492193595555,20197
1492193843190,20198
1492194252946,20199
1492194477432,20200
1492194717199,20201
1492195194806,20202
1492201285271,20203
1492202432398,20204
1492203859451,20205
1492203889158,20206
1492209763249,20207
1492210647378,20208
1492277147951,20209
1492277484132,20210
1492277685469,20211
1492278254641,20212
1492281496418,20213
1492281752935,20214
1492281874499,20215
1492281879012,20216
1492302889157,20217
1492305133232,20218
1492305133236,20219
1492317924561,20220
1492319692102,20221
1492320592683,20222
1492321156501,20223
1492321837571,20224
1492324543468,20225
1492324910933,20226
1492325275845,20227
1492326000940,20228
1492326037502,20229
1492326282571,20230
1492328188565,20231
1492329497513,20232
1492329798459,20233
1492332143002,20234
1492334581782,20235
1492337244151,20236
1492376272315,20237
1492383461918,20238
1492384423933,20239
1492384530783,20240
1492384669439,20241
1492386618631,20242
1492387346130,20243
1492387368037,20244
1492387909878,20245
1492388445183,20246
1492388832868,20247
1492389276642,20248
1492389447701,20249
1492389539644,20250
1492390550866,20251
1492391901009,20252
1492392038619,20253
1492392213294,20254
1492392341612,20255
1492392532925,20256
1492392578781,20257
1492392833103,20258
1492393910873,20259
1492394748577,20260
1492397356082,20261
1492398061766,20262
1492399377749,20263
1492399836342,20264
1492400909715,20265
1492400988828,20266
1492401627361,20267
1492403138457,20268
1492404207650,20269
1492405213254,20270
1492405260244,20271
1492406254056,20272
1492406742606,20273
1492407012666,20274
1492408385729,20275
1492409234225,20276
1492409240160,20277
1492410786872,20278
1492411992424,20279
1492413150774,20280
1492414991077,20281
1492436287916,20282
1492438655283,20283
1492442718637,20284
1492445578847,20285
1492446610875,20286
1492450139391,20287
1492451793017,20288
1492453400123,20289
1492460004742,20290
1492460541781,20291
1492461628086,20292
1492464093811,20293
1492464188588,20294
1492469986535,20295
1492471590151,20296
1492473019122,20297
1492485182783,20298
1492485925645,20299
1492486466480,20300
1492486786159,20301
1492492932407,20302
1492527821901,20303
1492528283518,20304
1492528871030,20305
1492529471972,20306
1492529752406,20307
1492530142055,20308
1492538834184,20309
1492544564655,20310
1492545241478,20311
1492545613570,20312
1492547095822,20313
1492551335658,20314
1492552238667,20315
1492557082655,20316
1492557338979,20317
1492557365504,20318
1492563849457,20319
1492566426368,20320
1492566750659,20321
1492567583564,20322
1492569084429,20323
1492571220670,20324
1492571221337,20325
1492571632167,20326
1492572514216,20327
1492573640363,20328
1492573953091,20329
1492574684727,20330
1492575662836,20331
1492575853315,20332
1492576098379,20333
1492576504580,20334
1492577739655,20335
1492578230890,20336
1492578902917,20337
1492579084827,20338
1492579089641,20339
1492579730766,20340
1492582081861,20341
1492596090143,20342
1492608589661,20343
1492610261044,20344
1492610596614,20345
1492611357083,20346
1492611595679,20347
1492612022760,20348
1492612182943,20349
1492612571363,20350
1492612661059,20351
1492612889162,20352
1492613102740,20353
1492613431319,20354
1492613500180,20355
1492613598436,20356
1492613796840,20357
1492613847613,20358
1492613916829,20359
1492613973220,20360
1492614143161,20361
1492614428836,20362
1492614594810,20363
1492614882702,20364
1492614909099,20365
1492615600439,20366
1492616998349,20367
1492617886108,20368
1492623070980,20369
1492623409822,20370
1492623652520,20371
1492625959838,20372
1492627483551,20373
1492627561093,20374
1492627630497,20375
1492627720696,20376
1492627788351,20377
1492627858673,20378
1492628000470,20379
1492628164689,20380
1492628235065,20381
1492628301775,20382
1492628594959,20383
1492628668005,20384
1492628685494,20385
1492628734807,20386
1492630558309,20387
1492630890492,20388
1492633330858,20389
1492634949742,20390
1492635393256,20391
1492635985316,20392
1492637065443,20393
1492638604422,20394
1492639634897,20395
1492639634948,20396
1492639830593,20397
1492640178485,20398
1492640497422,20399
1492643097898,20400
1492652233316,20401
1492652498296,20402
1492652687156,20403
1492652881168,20404
1492656870782,20405
1492657932555,20406
1492658580992,20407
1492659255659,20408
1492659383838,20409
1492659644836,20410
1492659858096,20411
1492660426796,20412
1492660608974,20413
1492660681049,20414
1492661009941,20415
1492661216113,20416
1492662231295,20417
1492663410280,20418
1492664519599,20419
1492665259047,20420
1492668010980,20421
1492668144959,20422
1492668268366,20423
1492668386266,20424
1492668951561,20425
1492669054166,20426
1492669652168,20427
1492686602010,20428
1492690363206,20429
1492697942399,20430
1492698117660,20431
1492698385192,20432
1492698513364,20433
1492699387429,20434
1492700022524,20435
1492700358727,20436
1492702734669,20437
1492703774718,20438
1492704627511,20439
1492705355338,20440
1492706617269,20441
1492707303787,20442
1492707307495,20443
1492707535938,20444
1492707889171,20445
1492708649478,20446
1492708981556,20447
1492709109632,20448
1492709820908,20449
1492710306976,20450
1492711501002,20451
1492712234912,20452
1492713026098,20453
1492713062607,20454
1492713662444,20455
1492713978290,20456
1492714001893,20457
1492714705374,20458
1492715048095,20459
1492717922404,20460
1492718708695,20461
1492725910230,20462
1492727219471,20463
1492728414113,20464
1492729350414,20465
1492732639011,20466
1492733908449,20467
1492734683027,20468
1492734780708,20469
1492735984827,20470
1492737278269,20471
1492738739866,20472
1492738749359,20473
1492739234411,20474
1492740600794,20475
1492741531294,20476
1492741846525,20477
1492742000384,20478
1492742367222,20479
1492742810621,20480
1492743835865,20481
1492743894173,20482
1492744485390,20483
1492745039013,20484
1492745576969,20485
1492745856393,20486
1492746607681,20487
1492747526671,20488
1492748639883,20489
1492749453747,20490
1492749980394,20491
1492749982441,20492
1492749999648,20493
1492750433990,20494
1492751023091,20495
1492752436954,20496
1492773943103,20497
1492774596163,20498
1492774929954,20499
1492776291101,20500
1492777815819,20501
1492778171066,20502
1492778297264,20503
1492778448902,20504
1492778609594,20505
1492778733470,20506
1492778835203,20507
1492779115465,20508
1492784576848,20509
1492786771271,20510
1492788704968,20511
1492788854684,20512
1492789255836,20513
1492789336034,20514
1492789488654,20515
1492790157577,20516
1492790273120,20517
1492790361835,20518
1492790422377,20519
1492790796023,20520
1492791170571,20521
1492791572861,20522
1492792223041,20523
1492792374291,20524
1492792907871,20525
1492793387443,20526
1492794125585,20527
1492795484264,20528
1492796127956,20529
1492798679360,20530
1492800023774,20531
1492801854476,20532
1492803605458,20533
1492804516644,20534
1492812498443,20535
1492824901338,20536
1492824902658,20537
1492826071774,20538
1492826812187,20539
1492827181449,20540
1492827501546,20541
1492827640831,20542
1492827879171,20543
1492828478146,20544
1492828634619,20545
1492828816493,20546
1492829366739,20547
1492842586566,20548
1492843031162,20549
1492843559786,20550
1492864909532,20551
1492868591890,20552
1492870902953,20553
1492872189888,20554
1492872933360,20555
1492887682946,20556
1492898015578,20557
1492900285378,20558
1492901454676,20559
1492902481587,20560
1492902499775,20561
1492902788806,20562
1492905558509,20563
1492905928685,20564
1492906276017,20565
1492906989689,20566
1492911911913,20567
1492913354776,20568
1492917889647,20569
1492921106077,20570
1492921235886,20571
1492922005938,20572
1492922030611,20573
1492922256563,20574
1492922801573,20575
1492956611646,20576
1492958154740,20577
1492960283300,20578
1492961290245,20579
1492961974293,20580
1492962596895,20581
1492962774202,20582
1492963091684,20583
1492963305357,20584
1492967141154,20585
1492967596688,20586
1492968884339,20587
1492970439624,20588
1492970463062,20589
1492970470645,20590
1492970473114,20591
1492970769739,20592
1492975936166,20593
1492976124015,20594
1492976339015,20595
1492979712561,20596
1492980388128,20597
1492980477682,20598
1492980482883,20599
1492980955189,20600
1492981210140,20601
1492981443093,20602
1492981513258,20603
1492981677615,20604
1492981837036,20605
1492982005688,20606
1492982988048,20607
1492983224402,20608
1492983229299,20609
1492983364114,20610
1492983695027,20611
1492983793333,20612
1492984051050,20613
1492984724787,20614
1492986093956,20615
1492986498995,20616
1492987177101,20617
1492987307138,20618
1492987577162,20619
1492988962377,20620
1492989215337,20621
1492989250046,20622
1492989488055,20623
1492990156601,20624
1492990156589,20625
1492990167734,20626
1492990435403,20627
1492993656167,20628
1492993679484,20629
1492993902575,20630
1492993969043,20631
1492993989790,20632
1492994075625,20633
1492999674493,20634
1493001789651,20635
1493004177112,20636
1493005508383,20637
1493005938703,20638
1493007973046,20639
1493008751318,20640
1493008993014,20641
1493009191479,20642
1493010452012,20643
1493010781939,20644
1493012505186,20645
1493045323323,20646
1493046124622,20647
1493048373930,20648
1493048825902,20649
1493049149309,20650
1493049548076,20651
1493052827410,20652
1493052917976,20653
1493054860588,20654
1493060147185,20655
1493060999118,20656
1493061041323,20657
1493061257685,20658
1493061264249,20659
1493061264264,20660
1493062362763,20661
1493063088987,20662
1493064784745,20663
1493065382652,20664
1493066874596,20665
1493067428370,20666
1493067428486,20667
1493068382829,20668
1493069344335,20669
1493073267910,20670
1493073513301,20671
1493073708248,20672
1493075695167,20673
1493076120147,20674
1493076665292,20675
1493076809992,20676
1493077337467,20677
1493077608778,20678
1493077990017,20679
1493078457264,20680
1493078745608,20681
1493078745805,20682
1493080258301,20683
1493080570513,20684
1493081970371,20685
1493082540267,20686
1493082767561,20687
1493083187011,20688
1493083280639,20689
1493083583310,20690
1493083642167,20691
1493083943299,20692
1493084126503,20693
1493084199491,20694
1493084382012,20695
1493084425294,20696
1493084848189,20697
1493085336927,20698
1493085349868,20699
1493086212426,20700
1493086234318,20701
1493086407699,20702
1493086685542,20703
1493087218068,20704
1493088191249,20705
1493088429374,20706
1493088536167,20707
1493089210344,20708
1493089406891,20709
1493089859647,20710
1493089903524,20711
1493090304283,20712
1493090952419,20713
1493091717979,20714
1493092366690,20715
1493092854811,20716
1493093116194,20717
1493093530425,20718
1493093909764,20719
1493094039642,20720
1493094304843,20721
1493094987742,20722
1493095148071,20723
1493095307463,20724
1493095308876,20725
1493095672102,20726
1493095734130,20727
1493095893711,20728
1493096062239,20729
1493096430436,20730
1493096443037,20731
1493096598201,20732
1493097173955,20733
1493097740468,20734
1493129050096,20735
1493129439179,20736
1493129940514,20737
1493130360556,20738
1493131444616,20739
1493131574082,20740
1493134106409,20741
1493134774240,20742
1493134777322,20743
1493136419320,20744
1493136587367,20745
1493137441390,20746
1493144387652,20747
1493144401096,20748
1493144589948,20749
1493144801050,20750
1493145100028,20751
1493145626128,20752
1493145699144,20753
1493145772040,20754
1493145790110,20755
1493145940630,20756
1493146009374,20757
1493146076818,20758
1493146185785,20759
1493146519589,20760
1493147175153,20761
1493149638976,20762
1493150019815,20763
1493150038002,20764
1493150040438,20765
1493150040138,20766
1493150040351,20767
1493150028992,20768
1493150028624,20769
1493150028908,20770
1493150026566,20771
1493150028132,20772
1493150159507,20773
1493150797968,20774
1493150798293,20775
1493150808915,20776
1493150816858,20777
1493150896574,20778
1493151282955,20779
1493151489148,20780
1493151646713,20781
1493152118557,20782
1493152402721,20783
1493153112663,20784
1493153217387,20785
1493153217482,20786
1493153361113,20787
1493154034280,20788
1493154438247,20789
1493154568256,20790
1493155011677,20791
1493155875880,20792
1493156576532,20793
1493157517892,20794
1493157711874,20795
1493157713001,20796
1493157713688,20797
1493157926508,20798
1493158900509,20799
1493158959472,20800
1493159235734,20801
1493159682600,20802
1493164188231,20803
1493164700890,20804
1493165415102,20805
1493165481888,20806
1493166161231,20807
1493166663449,20808
1493166672944,20809
1493166807361,20810
1493167331631,20811
1493168283315,20812
1493168464792,20813
1493169396886,20814
1493170384196,20815
1493170573014,20816
1493170800923,20817
1493172116358,20818
1493172648455,20819
1493172884209,20820
1493173096262,20821
1493173213336,20822
1493173789459,20823
1493174059783,20824
1493174425708,20825
1493174647444,20826
1493175393768,20827
1493175427623,20828
1493175781280,20829
1493176330507,20830
1493177366816,20831
1493177887110,20832
1493178882279,20833
1493179226043,20834
1493179781308,20835
1493179809179,20836
1493180109507,20837
1493180272703,20838
1493180411934,20839
1493181288342,20840
1493181485033,20841
1493182618291,20842
1493183158142,20843
1493184446303,20844
1493184674027,20845
1493185772311,20846
1493186130833,20847
1493187317786,20848
1493187578701,20849
1493203968544,20850
1493204806083,20851
1493205963425,20852
1493206582287,20853
1493207274689,20854
1493207475988,20855
1493208850847,20856
1493218516301,20857
1493219278664,20858
1493219282039,20859
1493219801973,20860
1493220557402,20861
1493237862424,20862
1493238675912,20863
1493238724159,20864
1493239172317,20865
1493239692771,20866
1493239954809,20867
1493240786437,20868
1493240820357,20869
1493241276060,20870
1493241744854,20871
1493243006419,20872
1493243038581,20873
1493243646198,20874
1493244079686,20875
1493244344253,20876
1493244962754,20877
1493245325982,20878
1493246150743,20879
1493246262000,20880
1493247231215,20881
1493247933053,20882
1493249066824,20883
1493249595464,20884
1493250619003,20885
1493250694893,20886
1493251031647,20887
1493251482610,20888
1493251917049,20889
1493252400785,20890
1493254361248,20891
1493256414796,20892
1493256677755,20893
1493257356689,20894
1493257783411,20895
1493258654877,20896
1493258844024,20897
1493258949450,20898
1493259581395,20899
1493260240063,20900
1493260419227,20901
1493260770416,20902
1493261165989,20903
1493262140164,20904
1493262273446,20905
1493262442805,20906
1493262647647,20907
1493263226058,20908
1493263747389,20909
1493263911806,20910
1493264096033,20911
1493264145259,20912
1493265330859,20913
1493266887194,20914
1493266971525,20915
1493267448186,20916
1493296360502,20917
1493296605320,20918
1493304588393,20919
1493307529817,20920
1493308334162,20921
1493308616476,20922
1493308804093,20923
1493309028973,20924
1493309477663,20925
1493310320635,20926
1493310558014,20927
1493310840261,20928
1493311136120,20929
1493312206167,20930
1493312205950,20931
1493312607683,20932
1493313609777,20933
1493313612803,20934
1493314992352,20935
1493316212981,20936
1493323930950,20937
1493324634864,20938
1493326309899,20939
1493331349551,20940
1493337848611,20941
1493340537290,20942
1493340567967,20943
1493345850367,20944
1493346752999,20945
1493347359016,20946
1493348214772,20947
1493349828144,20948
1493349832851,20949
1493350917672,20950
1493351246067,20951
1493351377512,20952
1493388260895,20953
1493388903372,20954
1493389997895,20955
1493394460393,20956
1493394824239,20957
1493394835401,20958
1493394852164,20959
1493395529865,20960
1493396810830,20961
1493397709035,20962
1493397757614,20963
1493398683225,20964
1493398715870,20965
1493399906506,20966
1493401037003,20967
1493402108541,20968
1493411164657,20969
1493416203843,20970
1493417218863,20971
1493417380008,20972
1493417402420,20973
1493421304318,20974
1493422128821,20975
