﻿"No. linea - archivo original","No. linea - archivo registros erroneos","No. columna","Nombre Columna","detalle error"
2,2,2,username_estudiante,"No existe un usuario Ases asociado al username 2178615-3845"
2,2,1,username_monitor,"No existe un usuario asociado al username 1956801-3841"
3,3,1,username_monitor,"No existe un usuario asociado al username 1956801-3841"
4,4,1,username_monitor,"No existe un usuario asociado al username 1956801-3841"
5,5,1,username_monitor,"No existe un usuario asociado al username 1956801-3841"
6,6,1,username_monitor,"No existe un usuario asociado al username 1956801-3841"
7,7,1,username_monitor,"No existe un usuario asociado al username 1956801-3841"
8,8,1,username_monitor,"No existe un usuario asociado al username 1956801-3841"
9,9,2,username_estudiante,"No existe un usuario Ases asociado al username 2177566-3841"
10,10,2,username_estudiante,"No existe un usuario Ases asociado al username 2179326-3841"
11,11,2,username_estudiante,"No existe un usuario Ases asociado al username 2191346-3845"
18,12,2,username_estudiante,"No existe un usuario Ases asociado al username 2182818-3845"
22,13,2,username_estudiante,"No existe un usuario Ases asociado al username 2191034-3857"
23,14,2,username_estudiante,"No existe un usuario Ases asociado al username 2179165-3857"
24,15,2,username_estudiante,"No existe un usuario Ases asociado al username 2178535-3857"
27,16,2,username_estudiante,"No existe un usuario Ases asociado al username 2179374-3857"
30,17,2,username_estudiante,"No existe un usuario Ases asociado al username 2180073-3857"
35,18,2,username_estudiante,"No existe un usuario Ases asociado al username 2190807-3845"
39,19,2,username_estudiante,"No existe un usuario Ases asociado al username 2181542-3845"
47,20,2,username_estudiante,"No existe un usuario Ases asociado al username 2181323-3845"
48,21,2,username_estudiante,"No existe un usuario Ases asociado al username 2190055-3845"
52,22,2,username_estudiante,"No existe un usuario Ases asociado al username 2190376-3845"
55,23,2,username_estudiante,"No existe un usuario Ases asociado al username 2140143-3845"
56,24,2,username_estudiante,"No existe un usuario Ases asociado al username 2181746-3845"
58,25,2,username_estudiante,"No existe un usuario Ases asociado al username 2181377-3845"
59,26,2,username_estudiante,"No existe un usuario Ases asociado al username 2178632-3845"
71,27,1,username_monitor,"No existe un usuario asociado al username 1726137-3660"
72,28,1,username_monitor,"No existe un usuario asociado al username 1726137-3660"
73,29,1,username_monitor,"No existe un usuario asociado al username 1726137-3660"
74,30,1,username_monitor,"No existe un usuario asociado al username 1726137-3660"
75,31,1,username_monitor,"No existe un usuario asociado al username 1726137-3660"
83,32,2,username_estudiante,"No existe un usuario Ases asociado al username 2130031-3660"
84,33,2,username_estudiante,"No existe un usuario Ases asociado al username 2127117-3660"
96,34,1,username_monitor,"No existe un usuario asociado al username 1929925-3841"
97,35,1,username_monitor,"No existe un usuario asociado al username 1929925-3841"
98,36,1,username_monitor,"No existe un usuario asociado al username 1929925-3841"
99,37,1,username_monitor,"No existe un usuario asociado al username 1929925-3841"
100,38,1,username_monitor,"No existe un usuario asociado al username 1929925-3841"
101,39,2,username_estudiante,"No existe un usuario Ases asociado al username 2191001-3845"
101,39,1,username_monitor,"No existe un usuario asociado al username 1929925-3841"
102,40,1,username_monitor,"No existe un usuario asociado al username 1929925-3841"
103,41,2,username_estudiante,"No existe un usuario Ases asociado al username 2190162-3841"
105,42,2,username_estudiante,"No existe un usuario Ases asociado al username 2178245-3841"
111,43,2,username_estudiante,"No existe un usuario Ases asociado al username 2178511-3845"
112,44,2,username_estudiante,"No existe un usuario Ases asociado al username 2190552-3845"
117,45,2,username_estudiante,"No existe un usuario Ases asociado al username 2178345-3841"
118,46,2,username_estudiante,"No existe un usuario Ases asociado al username 2178697-3841"
119,47,2,username_estudiante,"No existe un usuario Ases asociado al username 2182492-3845"
121,48,2,username_estudiante,"No existe un usuario Ases asociado al username 2179850-3845"
124,49,2,username_estudiante,"No existe un usuario Ases asociado al username 2178671-3857"
125,50,2,username_estudiante,"No existe un usuario Ases asociado al username 2178455-3857"
133,51,2,username_estudiante,"No existe un usuario Ases asociado al username 2190476-3845"
134,52,2,username_estudiante,"No existe un usuario Ases asociado al username 2182848-3845"
134,52,1,username_monitor,"No existe un usuario asociado al username 1670110-3845"
135,53,2,username_estudiante,"No existe un usuario Ases asociado al username 2181940-3845"
135,53,1,username_monitor,"No existe un usuario asociado al username 1670110-3845"
136,54,1,username_monitor,"No existe un usuario asociado al username 1670110-3845"
137,55,1,username_monitor,"No existe un usuario asociado al username 1670110-3845"
138,56,2,username_estudiante,"No existe un usuario Ases asociado al username 2183312-3845"
138,56,1,username_monitor,"No existe un usuario asociado al username 1670110-3845"
139,57,1,username_monitor,"No existe un usuario asociado al username 1670110-3845"
140,58,1,username_monitor,"No existe un usuario asociado al username 1670110-3845"
141,59,2,username_estudiante,"No existe un usuario Ases asociado al username 2179320-3857"
142,60,2,username_estudiante,"No existe un usuario Ases asociado al username 2178690-3857"
147,61,2,username_estudiante,"No existe un usuario Ases asociado al username 2182443-3845"
150,62,2,username_estudiante,"No existe un usuario Ases asociado al username 2183171-3845"
153,63,2,username_estudiante,"No existe un usuario Ases asociado al username 2190985-3845"
154,64,1,username_monitor,"No existe un usuario asociado al username 1744942-3646"
155,65,1,username_monitor,"No existe un usuario asociado al username 1744942-3646"
156,66,2,username_estudiante,"No existe un usuario Ases asociado al username 2177288-3646"
156,66,1,username_monitor,"No existe un usuario asociado al username 1744942-3646"
157,67,1,username_monitor,"No existe un usuario asociado al username 1744942-3646"
158,68,1,username_monitor,"No existe un usuario asociado al username 1744942-3646"
159,69,1,username_monitor,"No existe un usuario asociado al username 1744942-3646"
160,70,2,username_estudiante,"No existe un usuario Ases asociado al username 2178354-3647"
161,71,2,username_estudiante,"No existe un usuario Ases asociado al username 2177808-3647"
163,72,2,username_estudiante,"No existe un usuario Ases asociado al username 2177310-3647"
166,73,2,username_estudiante,"No existe un usuario Ases asociado al username 2177280-3661"
166,73,1,username_monitor,"No existe un usuario asociado al username 1643399-3661"
167,74,1,username_monitor,"No existe un usuario asociado al username 1643399-3661"
168,75,1,username_monitor,"No existe un usuario asociado al username 1643399-3661"
169,76,2,username_estudiante,"No existe un usuario Ases asociado al username 2177541-3661"
169,76,1,username_monitor,"No existe un usuario asociado al username 1643399-3661"
170,77,2,username_estudiante,"No existe un usuario Ases asociado al username 2177412-3661"
170,77,1,username_monitor,"No existe un usuario asociado al username 1643399-3661"
171,78,2,username_estudiante,"No existe un usuario Ases asociado al username 2181424-3651"
171,78,1,username_monitor,"No existe un usuario asociado al username 1780083-3651"
172,79,2,username_estudiante,"No existe un usuario Ases asociado al username 2177226-3651"
172,79,1,username_monitor,"No existe un usuario asociado al username 1780083-3651"
173,80,2,username_estudiante,"No existe un usuario Ases asociado al username 2177618-3651"
173,80,1,username_monitor,"No existe un usuario asociado al username 1780083-3651"
174,81,1,username_monitor,"No existe un usuario asociado al username 1780083-3651"
175,82,1,username_monitor,"No existe un usuario asociado al username 1780083-3651"
176,83,1,username_monitor,"No existe un usuario asociado al username 1780083-3651"
177,84,2,username_estudiante,"No existe un usuario Ases asociado al username 2179987-3646"
177,84,1,username_monitor,"No existe un usuario asociado al username 1970019-3646"
178,85,2,username_estudiante,"No existe un usuario Ases asociado al username 2177705-3646"
178,85,1,username_monitor,"No existe un usuario asociado al username 1970019-3646"
179,86,2,username_estudiante,"No existe un usuario Ases asociado al username 2177641-3646"
179,86,1,username_monitor,"No existe un usuario asociado al username 1970019-3646"
180,87,1,username_monitor,"No existe un usuario asociado al username 1970019-3646"
181,88,1,username_monitor,"No existe un usuario asociado al username 1970019-3646"
182,89,1,username_monitor,"No existe un usuario asociado al username 1970019-3646"
183,90,1,username_monitor,"No existe un usuario asociado al username 1970019-3646"
184,91,2,username_estudiante,"No existe un usuario Ases asociado al username 2190096-3648"
185,92,2,username_estudiante,"No existe un usuario Ases asociado al username 2177532-3648"
186,93,2,username_estudiante,"No existe un usuario Ases asociado al username 2177896-3648"
187,94,2,username_estudiante,"No existe un usuario Ases asociado al username 2178483-3648"
193,95,2,username_estudiante,"No existe un usuario Ases asociado al username 2182062-3661"
194,96,2,username_estudiante,"No existe un usuario Ases asociado al username 2190875-3661"
195,97,2,username_estudiante,"No existe un usuario Ases asociado al username 2179227-3661"
196,98,1,username_monitor,"No existe un usuario asociado al username 1741752-3661"
197,99,2,username_estudiante,"No existe un usuario Ases asociado al username 2180060-3661"
197,99,1,username_monitor,"No existe un usuario asociado al username 1741752-3661"
198,100,2,username_estudiante,"No existe un usuario Ases asociado al username 2178469-3661"
198,100,1,username_monitor,"No existe un usuario asociado al username 1741752-3661"
199,101,1,username_monitor,"No existe un usuario asociado al username 1741752-3661"
200,102,1,username_monitor,"No existe un usuario asociado al username 1741752-3661"
201,103,1,username_monitor,"No existe un usuario asociado al username 1842510-3661"
202,104,1,username_monitor,"No existe un usuario asociado al username 1842510-3661"
203,105,1,username_monitor,"No existe un usuario asociado al username 1842510-3661"
204,106,2,username_estudiante,"No existe un usuario Ases asociado al username 2177292-3661"
204,106,1,username_monitor,"No existe un usuario asociado al username 1842510-3661"
205,107,2,username_estudiante,"No existe un usuario Ases asociado al username 2181019-3661"
205,107,1,username_monitor,"No existe un usuario asociado al username 1842510-3661"
206,108,2,username_estudiante,"No existe un usuario Ases asociado al username 2177205-3661"
206,108,1,username_monitor,"No existe un usuario asociado al username 1842510-3661"
207,109,2,username_estudiante,"No existe un usuario Ases asociado al username 2180918-3651"
207,109,1,username_monitor,"No existe un usuario asociado al username 1844400-3651"
208,110,2,username_estudiante,"No existe un usuario Ases asociado al username 2180946-3651"
208,110,1,username_monitor,"No existe un usuario asociado al username 1844400-3651"
209,111,1,username_monitor,"No existe un usuario asociado al username 1844400-3651"
210,112,2,username_estudiante,"No existe un usuario Ases asociado al username 2190507-3651"
210,112,1,username_monitor,"No existe un usuario asociado al username 1844400-3651"
211,113,1,username_monitor,"No existe un usuario asociado al username 1844400-3651"
212,114,2,username_estudiante,"No existe un usuario Ases asociado al username 2181399-3651"
212,114,1,username_monitor,"No existe un usuario asociado al username 1844400-3651"
213,115,1,username_monitor,"No existe un usuario asociado al username 1844400-3651"
214,116,2,username_estudiante,"No existe un usuario Ases asociado al username 2182455-3645"
217,117,2,username_estudiante,"No existe un usuario Ases asociado al username 2179915-3645"
220,118,2,username_estudiante,"No existe un usuario Ases asociado al username 2183113-3645"
222,119,2,username_estudiante,"No existe un usuario Ases asociado al username 2190960-3645"
224,120,2,username_estudiante,"No existe un usuario Ases asociado al username 2179207-3645"
226,121,2,username_estudiante,"No existe un usuario Ases asociado al username 2178490-3645"
242,122,2,username_estudiante,"No existe un usuario Ases asociado al username 2178208-3743"
243,123,2,username_estudiante,"No existe un usuario Ases asociado al username 2191375-3743"
244,124,2,username_estudiante,"No existe un usuario Ases asociado al username 2140112-3743"
245,125,2,username_estudiante,"No existe un usuario Ases asociado al username 2181910-3743"
247,126,2,username_estudiante,"No existe un usuario Ases asociado al username 2182527-3743"
248,127,2,username_estudiante,"No existe un usuario Ases asociado al username 2181021-3743"
250,128,1,username_monitor,"No existe un usuario asociado al username 2022752-2711"
251,129,1,username_monitor,"No existe un usuario asociado al username 2022752-2711"
252,130,1,username_monitor,"No existe un usuario asociado al username 2022752-2711"
253,131,1,username_monitor,"No existe un usuario asociado al username 2022752-2711"
254,132,1,username_monitor,"No existe un usuario asociado al username 2022752-2711"
259,133,2,username_estudiante,"No existe un usuario Ases asociado al username 2177937-3749"
287,134,1,username_monitor,"No existe un usuario asociado al username 1825167-3492"
288,135,1,username_monitor,"No existe un usuario asociado al username 1825167-3492"
294,136,1,username_monitor,"No existe un usuario asociado al username 1743675-3740"
295,137,1,username_monitor,"No existe un usuario asociado al username 1743675-3740"
296,138,1,username_monitor,"No existe un usuario asociado al username 1743675-3740"
297,139,1,username_monitor,"No existe un usuario asociado al username 1743675-3740"
298,140,2,username_estudiante,"No existe un usuario Ases asociado al username 2182209-3740"
298,140,1,username_monitor,"No existe un usuario asociado al username 1743675-3740"
306,141,2,username_estudiante,"No existe un usuario Ases asociado al username 2181763-3746"
306,141,1,username_monitor,"No existe un usuario asociado al username 1843033-3746"
307,142,2,username_estudiante,"No existe un usuario Ases asociado al username 2180209-3746"
307,142,1,username_monitor,"No existe un usuario asociado al username 1843033-3746"
308,143,2,username_estudiante,"No existe un usuario Ases asociado al username 2180461-3746"
308,143,1,username_monitor,"No existe un usuario asociado al username 1843033-3746"
309,144,2,username_estudiante,"No existe un usuario Ases asociado al username 2177938-3746"
309,144,1,username_monitor,"No existe un usuario asociado al username 1843033-3746"
310,145,2,username_estudiante,"No existe un usuario Ases asociado al username 2180882-3746"
310,145,1,username_monitor,"No existe un usuario asociado al username 1843033-3746"
314,146,2,username_estudiante,"No existe un usuario Ases asociado al username 2126821-3147"
324,147,1,username_monitor,"No existe un usuario asociado al username 1725674-3741"
325,148,1,username_monitor,"No existe un usuario asociado al username 1725674-3741"
326,149,1,username_monitor,"No existe un usuario asociado al username 1725674-3741"
327,150,1,username_monitor,"No existe un usuario asociado al username 1725674-3741"
328,151,1,username_monitor,"No existe un usuario asociado al username 1725674-3741"
329,152,1,username_monitor,"No existe un usuario asociado al username 1725674-3741"
330,153,1,username_monitor,"No existe un usuario asociado al username 1725674-3741"
331,154,2,username_estudiante,"No existe un usuario Ases asociado al username 2182203-3741"
331,154,1,username_monitor,"No existe un usuario asociado al username 1725674-3741"
337,155,2,username_estudiante,"No existe un usuario Ases asociado al username 2178232-3148"
338,156,2,username_estudiante,"No existe un usuario Ases asociado al username 2182374-3148"
344,157,2,username_estudiante,"No existe un usuario Ases asociado al username 2183228-3743"
345,158,2,username_estudiante,"No existe un usuario Ases asociado al username 2190421-3743"
346,159,1,username_monitor,"No existe un usuario asociado al username 1833796-3751"
347,160,1,username_monitor,"No existe un usuario asociado al username 1833796-3751"
348,161,1,username_monitor,"No existe un usuario asociado al username 1833796-3751"
349,162,1,username_monitor,"No existe un usuario asociado al username 1833796-3751"
350,163,2,username_estudiante,"No existe un usuario Ases asociado al username 2179079-3751"
350,163,1,username_monitor,"No existe un usuario asociado al username 1833796-3751"
359,164,2,username_estudiante,"No existe un usuario Ases asociado al username 2183143-3744"
360,165,2,username_estudiante,"No existe un usuario Ases asociado al username 2178783-3744"
361,166,2,username_estudiante,"No existe un usuario Ases asociado al username 2182246-3744"
362,167,2,username_estudiante,"No existe un usuario Ases asociado al username 2190813-3746"
363,168,2,username_estudiante,"No existe un usuario Ases asociado al username 2190820-3746"
384,169,2,username_estudiante,"No existe un usuario Ases asociado al username 2179215-3492"
392,170,1,username_monitor,"No existe un usuario asociado al username 1810263-3746"
393,171,1,username_monitor,"No existe un usuario asociado al username 1810263-3746"
394,172,1,username_monitor,"No existe un usuario asociado al username 1810263-3746"
395,173,1,username_monitor,"No existe un usuario asociado al username 1810263-3746"
396,174,1,username_monitor,"No existe un usuario asociado al username 1810263-3746"
401,175,1,username_monitor,"No existe un usuario asociado al username 1723086-3146"
402,176,1,username_monitor,"No existe un usuario asociado al username 1723086-3146"
403,177,1,username_monitor,"No existe un usuario asociado al username 1723086-3146"
404,178,1,username_monitor,"No existe un usuario asociado al username 1723086-3146"
405,179,1,username_monitor,"No existe un usuario asociado al username 1723086-3146"
419,180,2,username_estudiante,"No existe un usuario Ases asociado al username 2182627-3753"
441,181,1,username_monitor,"No existe un usuario asociado al username 1842924-3753"
442,182,1,username_monitor,"No existe un usuario asociado al username 1842924-3753"
443,183,1,username_monitor,"No existe un usuario asociado al username 1842924-3753"
444,184,1,username_monitor,"No existe un usuario asociado al username 1842924-3753"
453,185,2,username_estudiante,"No existe un usuario Ases asociado al username 2182090-3745"
454,186,2,username_estudiante,"No existe un usuario Ases asociado al username 2178509-3146"
454,186,1,username_monitor,"No existe un usuario asociado al username 1924310-3146"
455,187,1,username_monitor,"No existe un usuario asociado al username 1924310-3146"
456,188,2,username_estudiante,"No existe un usuario Ases asociado al username 2177715-3146"
456,188,1,username_monitor,"No existe un usuario asociado al username 1924310-3146"
457,189,1,username_monitor,"No existe un usuario asociado al username 1924310-3146"
467,190,2,username_estudiante,"No existe un usuario Ases asociado al username 2179290-2635"
468,191,2,username_estudiante,"No existe un usuario Ases asociado al username 2190204-2635"
473,192,2,username_estudiante,"No existe un usuario Ases asociado al username 2140025-2635"
482,193,2,username_estudiante,"No existe un usuario Ases asociado al username 2181472-2635"
483,194,2,username_estudiante,"No existe un usuario Ases asociado al username 2178251-2635"
484,195,1,username_monitor,"No existe un usuario asociado al username 1729881-3491"
485,196,1,username_monitor,"No existe un usuario asociado al username 1729881-3491"
486,197,1,username_monitor,"No existe un usuario asociado al username 1729881-3491"
487,198,1,username_monitor,"No existe un usuario asociado al username 1729881-3491"
488,199,1,username_monitor,"No existe un usuario asociado al username 1729881-3491"
489,200,1,username_monitor,"No existe un usuario asociado al username 1729881-3491"
490,201,1,username_monitor,"No existe un usuario asociado al username 1729881-3491"
491,202,1,username_monitor,"No existe un usuario asociado al username 1729881-3491"
505,203,1,username_monitor,"No existe un usuario asociado al username 1629687-3751"
506,204,1,username_monitor,"No existe un usuario asociado al username 1629687-3751"
507,205,1,username_monitor,"No existe un usuario asociado al username 1629687-3751"
508,206,2,username_estudiante,"No existe un usuario Ases asociado al username 2190953-3751"
508,206,1,username_monitor,"No existe un usuario asociado al username 1629687-3751"
509,207,2,username_estudiante,"No existe un usuario Ases asociado al username 2181809-3751"
509,207,1,username_monitor,"No existe un usuario asociado al username 1629687-3751"
515,208,2,username_estudiante,"No existe un usuario Ases asociado al username 2180803-3146"
516,209,2,username_estudiante,"No existe un usuario Ases asociado al username 2190500-3146"
522,210,1,username_monitor,"No existe un usuario asociado al username 1828870-3140"
523,211,1,username_monitor,"No existe un usuario asociado al username 1828870-3140"
524,212,1,username_monitor,"No existe un usuario asociado al username 1828870-3140"
525,213,1,username_monitor,"No existe un usuario asociado al username 1828870-3140"
526,214,1,username_monitor,"No existe un usuario asociado al username 1828870-3140"
533,215,2,username_estudiante,"No existe un usuario Ases asociado al username 2177345-3749"
550,216,2,username_estudiante,"No existe un usuario Ases asociado al username 2179845-3754"
551,217,2,username_estudiante,"No existe un usuario Ases asociado al username 2190457-3754"
552,218,2,username_estudiante,"No existe un usuario Ases asociado al username 2181423-3754"
553,219,2,username_estudiante,"No existe un usuario Ases asociado al username 2180017-3754"
554,220,2,username_estudiante,"No existe un usuario Ases asociado al username 2178459-3754"
555,221,2,username_estudiante,"No existe un usuario Ases asociado al username 2190727-3754"
565,222,2,username_estudiante,"No existe un usuario Ases asociado al username 2177873-3146"
575,223,2,username_estudiante,"No existe un usuario Ases asociado al username 2177167-3743"
604,224,2,username_estudiante,"No existe un usuario Ases asociado al username 2180496-3745"
605,225,2,username_estudiante,"No existe un usuario Ases asociado al username 2190754-3745"
606,226,2,username_estudiante,"No existe un usuario Ases asociado al username 2177999-3753"
606,226,1,username_monitor,"No existe un usuario asociado al username 1824786-3754"
607,227,2,username_estudiante,"No existe un usuario Ases asociado al username 2183173-3753"
607,227,1,username_monitor,"No existe un usuario asociado al username 1824786-3754"
610,228,2,username_estudiante,"No existe un usuario Ases asociado al username 2180844-3753"
610,228,1,username_monitor,"No existe un usuario asociado al username 1827194-3753"
611,229,2,username_estudiante,"No existe un usuario Ases asociado al username 2180246-3753"
611,229,1,username_monitor,"No existe un usuario asociado al username 1827194-3753"
612,230,2,username_estudiante,"No existe un usuario Ases asociado al username 2190750-3753"
612,230,1,username_monitor,"No existe un usuario asociado al username 1827194-3753"
613,231,2,username_estudiante,"No existe un usuario Ases asociado al username 2180034-3753"
613,231,1,username_monitor,"No existe un usuario asociado al username 1827194-3753"
619,232,2,username_estudiante,"No existe un usuario Ases asociado al username 2181214-3747"
620,233,2,username_estudiante,"No existe un usuario Ases asociado al username 2140172-3747"
621,234,2,username_estudiante,"No existe un usuario Ases asociado al username 2180990-3747"
622,235,2,username_estudiante,"No existe un usuario Ases asociado al username 2182554-3747"
640,236,2,username_estudiante,"No existe un usuario Ases asociado al username 2178646-3740"
640,236,1,username_monitor,"No existe un usuario asociado al username 1841845-3747"
641,237,2,username_estudiante,"No existe un usuario Ases asociado al username 2183444-3740"
641,237,1,username_monitor,"No existe un usuario asociado al username 1841845-3747"
642,238,2,username_estudiante,"No existe un usuario Ases asociado al username 2183431-3740"
642,238,1,username_monitor,"No existe un usuario asociado al username 1841845-3747"
643,239,2,username_estudiante,"No existe un usuario Ases asociado al username 2181136-3740"
643,239,1,username_monitor,"No existe un usuario asociado al username 1841845-3747"
644,240,2,username_estudiante,"No existe un usuario Ases asociado al username 2180775-3740"
644,240,1,username_monitor,"No existe un usuario asociado al username 1841845-3747"
649,241,2,username_estudiante,"No existe un usuario Ases asociado al username 2177787-3845"
655,242,2,username_estudiante,"No existe un usuario Ases asociado al username 2182124-3148"
656,243,2,username_estudiante,"No existe un usuario Ases asociado al username 2190216-3148"
657,244,2,username_estudiante,"No existe un usuario Ases asociado al username 2191176-3148"
658,245,2,username_estudiante,"No existe un usuario Ases asociado al username 2124673-3148"
659,246,2,username_estudiante,"No existe un usuario Ases asociado al username 2190079-3148"
671,247,2,username_estudiante,"No existe un usuario Ases asociado al username 2182092-3748"
672,248,2,username_estudiante,"No existe un usuario Ases asociado al username 2190653-3748"
673,249,2,username_estudiante,"No existe un usuario Ases asociado al username 2178069-3748"
676,250,2,username_estudiante,"No existe un usuario Ases asociado al username 2177619-2711"
677,251,2,username_estudiante,"No existe un usuario Ases asociado al username 2177771-2711"
678,252,2,username_estudiante,"No existe un usuario Ases asociado al username 2182588-2711"
679,253,2,username_estudiante,"No existe un usuario Ases asociado al username 2179288-2711"
680,254,2,username_estudiante,"No existe un usuario Ases asociado al username 2190175-2711"
681,255,2,username_estudiante,"No existe un usuario Ases asociado al username 2181489-2711"
682,256,2,username_estudiante,"No existe un usuario Ases asociado al username 2179254-2711"
683,257,2,username_estudiante,"No existe un usuario Ases asociado al username 2191274-2711"
684,258,2,username_estudiante,"No existe un usuario Ases asociado al username 2182833-3743"
685,259,2,username_estudiante,"No existe un usuario Ases asociado al username 2177422-3753"
685,259,1,username_monitor,"No existe un usuario asociado al username 1824786-3754"
686,260,2,username_estudiante,"No existe un usuario Ases asociado al username 2180218-3754"
686,260,1,username_monitor,"No existe un usuario asociado al username 1824786-3754"
687,261,2,username_estudiante,"No existe un usuario Ases asociado al username 2178170-3753"
687,261,1,username_monitor,"No existe un usuario asociado al username 1842924-3753"
688,262,2,username_estudiante,"No existe un usuario Ases asociado al username 2190631-3754"
688,262,1,username_monitor,"No existe un usuario asociado al username 1824786-3754"
689,263,2,username_estudiante,"No existe un usuario Ases asociado al username 2177540-3754"
689,263,1,username_monitor,"No existe un usuario asociado al username 1824786-3754"
690,264,2,username_estudiante,"No existe un usuario Ases asociado al username 2180531-3753"
690,264,1,username_monitor,"No existe un usuario asociado al username 1827194-3753"
691,265,2,username_estudiante,"No existe un usuario Ases asociado al username 2181671-3753"
691,265,1,username_monitor,"No existe un usuario asociado al username 1827194-3753"
692,266,2,username_estudiante,"No existe un usuario Ases asociado al username 2179223-3753"
692,266,1,username_monitor,"No existe un usuario asociado al username 1827194-3753"
693,267,2,username_estudiante,"No existe un usuario Ases asociado al username 2140089-3753"
693,267,1,username_monitor,"No existe un usuario asociado al username 1827194-3753"
694,268,2,username_estudiante,"No existe un usuario Ases asociado al username 2179853-3753"
694,268,1,username_monitor,"No existe un usuario asociado al username 1827194-3753"
695,269,2,username_estudiante,"No existe un usuario Ases asociado al username 2180441-3753"
695,269,1,username_monitor,"No existe un usuario asociado al username 1827194-3753"
696,270,2,username_estudiante,"No existe un usuario Ases asociado al username 2179687-3743"
697,271,2,username_estudiante,"No existe un usuario Ases asociado al username 2177448-2635"
697,271,1,username_monitor,"No existe un usuario asociado al username 1930773-2635"
698,272,2,username_estudiante,"No existe un usuario Ases asociado al username 2182195-2635"
698,272,1,username_monitor,"No existe un usuario asociado al username 1930773-2635"
699,273,2,username_estudiante,"No existe un usuario Ases asociado al username 2181700-2635"
699,273,1,username_monitor,"No existe un usuario asociado al username 1930773-2635"
700,274,2,username_estudiante,"No existe un usuario Ases asociado al username 2179347-2635"
700,274,1,username_monitor,"No existe un usuario asociado al username 1930773-2635"
701,275,2,username_estudiante,"No existe un usuario Ases asociado al username 2179323-2635"
701,275,1,username_monitor,"No existe un usuario asociado al username 1930773-2635"
702,276,2,username_estudiante,"No existe un usuario Ases asociado al username 2183291-2635"
702,276,1,username_monitor,"No existe un usuario asociado al username 1929413-2635"
703,277,2,username_estudiante,"No existe un usuario Ases asociado al username 2182347-2635"
703,277,1,username_monitor,"No existe un usuario asociado al username 1929413-2635"
704,278,2,username_estudiante,"No existe un usuario Ases asociado al username 2180700-2635"
704,278,1,username_monitor,"No existe un usuario asociado al username 1929413-2635"
705,279,2,username_estudiante,"No existe un usuario Ases asociado al username 2179339-2635"
705,279,1,username_monitor,"No existe un usuario asociado al username 1929413-2635"
706,280,2,username_estudiante,"No existe un usuario Ases asociado al username 2177659-2635"
706,280,1,username_monitor,"No existe un usuario asociado al username 1929413-2635"
707,281,2,username_estudiante,"No existe un usuario Ases asociado al username 2178566-3148"
708,282,2,username_estudiante,"No existe un usuario Ases asociado al username 2180394-3148"
709,283,2,username_estudiante,"No existe un usuario Ases asociado al username 2180546-3148"
710,284,2,username_estudiante,"No existe un usuario Ases asociado al username 2181139-3148"
711,285,2,username_estudiante,"No existe un usuario Ases asociado al username 2181441-3148"
712,286,2,username_estudiante,"No existe un usuario Ases asociado al username 2181735-2713"
712,286,1,username_monitor,"No existe un usuario asociado al username 1822432-3754"
713,287,2,username_estudiante,"No existe un usuario Ases asociado al username 2181482-2713"
713,287,1,username_monitor,"No existe un usuario asociado al username 1822432-3754"
714,288,2,username_estudiante,"No existe un usuario Ases asociado al username 2183302-2713"
714,288,1,username_monitor,"No existe un usuario asociado al username 1822432-3754"
715,289,2,username_estudiante,"No existe un usuario Ases asociado al username 2179003-2713"
715,289,1,username_monitor,"No existe un usuario asociado al username 1822432-3754"
716,290,2,username_estudiante,"No existe un usuario Ases asociado al username 2180065-2713"
716,290,1,username_monitor,"No existe un usuario asociado al username 1822432-3754"
717,291,2,username_estudiante,"No existe un usuario Ases asociado al username 2183226-2713"
717,291,1,username_monitor,"No existe un usuario asociado al username 1824427-3754"
718,292,2,username_estudiante,"No existe un usuario Ases asociado al username 2183235-2713"
718,292,1,username_monitor,"No existe un usuario asociado al username 1824427-3754"
719,293,2,username_estudiante,"No existe un usuario Ases asociado al username 2181395-2713"
719,293,1,username_monitor,"No existe un usuario asociado al username 1824427-3754"
720,294,2,username_estudiante,"No existe un usuario Ases asociado al username 2179642-2713"
720,294,1,username_monitor,"No existe un usuario asociado al username 1824427-3754"
721,295,2,username_estudiante,"No existe un usuario Ases asociado al username 2179211-2713"
721,295,1,username_monitor,"No existe un usuario asociado al username 1824427-3754"
722,296,1,username_monitor,"No existe un usuario asociado al username 2027749-3746"
723,297,1,username_monitor,"No existe un usuario asociado al username 2027749-3746"
724,298,1,username_monitor,"No existe un usuario asociado al username 2027749-3746"
725,299,1,username_monitor,"No existe un usuario asociado al username 2027749-3746"
733,300,2,username_estudiante,"No existe un usuario Ases asociado al username 2180860-3754"
734,301,2,username_estudiante,"No existe un usuario Ases asociado al username 2182678-3754"
742,302,2,username_estudiante,"No existe un usuario Ases asociado al username 2178541-2635"
766,303,2,username_estudiante,"No existe un usuario Ases asociado al username 2190423-3744"
773,304,2,username_estudiante,"No existe un usuario Ases asociado al username 2183210-3744"
790,305,1,username_monitor,"El usuario asociado al username 1730804-3741 no tiene asignado el rol monitor"
791,306,1,username_monitor,"El usuario asociado al username 1730804-3741 no tiene asignado el rol monitor"
792,307,1,username_monitor,"No existe un usuario asociado al username 2023966-3746"
793,308,1,username_monitor,"No existe un usuario asociado al username 2023966-3746"
794,309,2,username_estudiante,"No existe un usuario Ases asociado al username 2129819-3746"
794,309,1,username_monitor,"No existe un usuario asociado al username 2023966-3746"
795,310,2,username_estudiante,"No existe un usuario Ases asociado al username 2182806-2710"
795,310,1,username_monitor,"El usuario asociado al username 1926062-3744 no tiene asignado el rol monitor"
796,311,2,username_estudiante,"No existe un usuario Ases asociado al username 2183271-2710"
796,311,1,username_monitor,"El usuario asociado al username 1926062-3744 no tiene asignado el rol monitor"
797,312,2,username_estudiante,"No existe un usuario Ases asociado al username 2182529-2710"
797,312,1,username_monitor,"El usuario asociado al username 1926062-3744 no tiene asignado el rol monitor"
798,313,2,username_estudiante,"No existe un usuario Ases asociado al username 2190431-2710"
798,313,1,username_monitor,"El usuario asociado al username 1926062-3744 no tiene asignado el rol monitor"
799,314,2,username_estudiante,"No existe un usuario Ases asociado al username 2181004-2710"
799,314,1,username_monitor,"El usuario asociado al username 1926062-3744 no tiene asignado el rol monitor"
834,315,2,username_estudiante,"No existe un usuario Ases asociado al username 2181359-3751"
835,316,2,username_estudiante,"No existe un usuario Ases asociado al username 2178908-3751"
835,316,1,username_monitor,"El usuario asociado al username 2071596-3751 no tiene asignado el rol monitor"
836,317,2,username_estudiante,"No existe un usuario Ases asociado al username 2191392-3751"
836,317,1,username_monitor,"El usuario asociado al username 2071596-3751 no tiene asignado el rol monitor"
837,318,2,username_estudiante,"No existe un usuario Ases asociado al username 2180090-3751"
837,318,1,username_monitor,"El usuario asociado al username 2071596-3751 no tiene asignado el rol monitor"
838,319,2,username_estudiante,"No existe un usuario Ases asociado al username 2179208-3751"
838,319,1,username_monitor,"El usuario asociado al username 2071596-3751 no tiene asignado el rol monitor"
839,320,2,username_estudiante,"No existe un usuario Ases asociado al username 2182590-3751"
839,320,1,username_monitor,"El usuario asociado al username 2071596-3751 no tiene asignado el rol monitor"
840,321,2,username_estudiante,"No existe un usuario Ases asociado al username 2182084-3751"
840,321,1,username_monitor,"El usuario asociado al username 1927167-3751 no tiene asignado el rol monitor"
854,322,2,username_estudiante,"No existe un usuario Ases asociado al username 2179825-3748"
861,323,1,username_monitor,"No existe un usuario asociado al username 1629829-3747"
862,324,1,username_monitor,"No existe un usuario asociado al username 1629829-3747"
863,325,2,username_estudiante,"No existe un usuario Ases asociado al username 2190990-3747"
863,325,1,username_monitor,"No existe un usuario asociado al username 1629829-3747"
864,326,2,username_estudiante,"No existe un usuario Ases asociado al username 2179409-3747"
864,326,1,username_monitor,"No existe un usuario asociado al username 1629829-3747"
865,327,2,username_estudiante,"No existe un usuario Ases asociado al username 2178516-3747"
865,327,1,username_monitor,"No existe un usuario asociado al username 1629829-3747"
866,328,2,username_estudiante,"No existe un usuario Ases asociado al username 2181028-3747"
866,328,1,username_monitor,"No existe un usuario asociado al username 1629829-3747"
867,329,2,username_estudiante,"No existe un usuario Ases asociado al username 2178890-3747"
867,329,1,username_monitor,"No existe un usuario asociado al username 1629829-3747"
868,330,1,username_monitor,"No existe un usuario asociado al username 1735350-3340"
869,331,1,username_monitor,"No existe un usuario asociado al username 1735350-3340"
870,332,1,username_monitor,"No existe un usuario asociado al username 1735350-3340"
871,333,1,username_monitor,"No existe un usuario asociado al username 1735350-3340"
872,334,1,username_monitor,"No existe un usuario asociado al username 1735350-3340"
873,335,1,username_monitor,"No existe un usuario asociado al username 1931605-3340"
874,336,1,username_monitor,"No existe un usuario asociado al username 1931605-3340"
875,337,1,username_monitor,"No existe un usuario asociado al username 1931605-3340"
876,338,1,username_monitor,"No existe un usuario asociado al username 1931605-3340"
877,339,1,username_monitor,"No existe un usuario asociado al username 1931605-3340"
878,340,1,username_monitor,"No existe un usuario asociado al username 2023777-3743"
879,341,1,username_monitor,"No existe un usuario asociado al username 2023777-3743"
880,342,1,username_monitor,"No existe un usuario asociado al username 2023777-3743"
881,343,1,username_monitor,"No existe un usuario asociado al username 2023777-3743"
882,344,1,username_monitor,"No existe un usuario asociado al username 2023777-3743"
893,345,1,username_monitor,"No existe un usuario asociado al username 1723499-3749"
894,346,1,username_monitor,"No existe un usuario asociado al username 1723499-3749"
895,347,1,username_monitor,"No existe un usuario asociado al username 1723499-3749"
896,348,1,username_monitor,"No existe un usuario asociado al username 1723499-3749"
897,349,1,username_monitor,"No existe un usuario asociado al username 1723499-3749"
898,350,1,username_monitor,"No existe un usuario asociado al username 1723499-3749"
899,351,1,username_monitor,"No existe un usuario asociado al username 1723499-3749"
907,352,1,username_monitor,"No existe un usuario asociado al username 2024078-3749"
908,353,2,username_estudiante,"No existe un usuario Ases asociado al username 2178661-3749"
908,353,1,username_monitor,"No existe un usuario asociado al username 2024078-3749"
909,354,2,username_estudiante,"No existe un usuario Ases asociado al username 2179827-3749"
909,354,1,username_monitor,"No existe un usuario asociado al username 2024078-3749"
910,355,2,username_estudiante,"No existe un usuario Ases asociado al username 2178062-3749"
910,355,1,username_monitor,"No existe un usuario asociado al username 2024078-3749"
911,356,2,username_estudiante,"No existe un usuario Ases asociado al username 2042632-3749"
911,356,1,username_monitor,"No existe un usuario asociado al username 2024078-3749"
926,357,2,username_estudiante,"No existe un usuario Ases asociado al username 2125166-3146"
927,358,2,username_estudiante,"No existe un usuario Ases asociado al username 2177729-3146"
928,359,2,username_estudiante,"No existe un usuario Ases asociado al username 2190445-3146"
929,360,2,username_estudiante,"No existe un usuario Ases asociado al username 2041214-3146"
929,360,1,username_monitor,"El usuario asociado al username 1926247-3146 no tiene asignado el rol monitor"
930,361,2,username_estudiante,"No existe un usuario Ases asociado al username 2177776-3146"
930,361,1,username_monitor,"El usuario asociado al username 1926247-3146 no tiene asignado el rol monitor"
931,362,2,username_estudiante,"No existe un usuario Ases asociado al username 2183185-3146"
931,362,1,username_monitor,"El usuario asociado al username 1926247-3146 no tiene asignado el rol monitor"
932,363,2,username_estudiante,"No existe un usuario Ases asociado al username 2190205-3146"
932,363,1,username_monitor,"El usuario asociado al username 1926247-3146 no tiene asignado el rol monitor"
933,364,2,username_estudiante,"No existe un usuario Ases asociado al username 2177559-3146"
933,364,1,username_monitor,"El usuario asociado al username 1926247-3146 no tiene asignado el rol monitor"
934,365,2,username_estudiante,"No existe un usuario Ases asociado al username 2178076-3746"
934,365,1,username_monitor,"No existe un usuario asociado al username 2023966-3746"
935,366,2,username_estudiante,"No existe un usuario Ases asociado al username 2178728-3746"
935,366,1,username_monitor,"No existe un usuario asociado al username 2023966-3746"
936,367,2,username_estudiante,"No existe un usuario Ases asociado al username 2179934-2710"
937,368,2,username_estudiante,"No existe un usuario Ases asociado al username 2180414-2710"
938,369,2,username_estudiante,"No existe un usuario Ases asociado al username 2177367-2710"
939,370,2,username_estudiante,"No existe un usuario Ases asociado al username 2178243-2710"
940,371,2,username_estudiante,"No existe un usuario Ases asociado al username 2177237-2710"
941,372,2,username_estudiante,"No existe un usuario Ases asociado al username 2180400-3744"
942,373,2,username_estudiante,"No existe un usuario Ases asociado al username 2180130-3745"
943,374,2,username_estudiante,"No existe un usuario Ases asociado al username 2182337-3745"
944,375,2,username_estudiante,"No existe un usuario Ases asociado al username 2179803-2711"
945,376,2,username_estudiante,"No existe un usuario Ases asociado al username 2182688-2711"
945,376,1,username_monitor,"No existe un usuario asociado al username 2027749-3746"
946,377,2,username_estudiante,"No existe un usuario Ases asociado al username 2179309-3841"
947,378,2,username_estudiante,"No existe un usuario Ases asociado al username 2190949-3841"
951,379,2,username_estudiante,"No existe un usuario Ases asociado al username 2178202-3845"
953,380,2,username_estudiante,"No existe un usuario Ases asociado al username 2183107-3741"
954,381,2,username_estudiante,"No existe un usuario Ases asociado al username 2183215-3741"
958,382,2,username_estudiante,"No existe un usuario Ases asociado al username 2183336-2713"
958,382,1,username_monitor,"No existe un usuario asociado al username 1631686-3754"
959,383,2,username_estudiante,"No existe un usuario Ases asociado al username 2180192-2713"
959,383,1,username_monitor,"No existe un usuario asociado al username 1631686-3754"
960,384,2,username_estudiante,"No existe un usuario Ases asociado al username 2180309-2713"
960,384,1,username_monitor,"No existe un usuario asociado al username 1631686-3754"
961,385,2,username_estudiante,"No existe un usuario Ases asociado al username 2180730-3754"
961,385,1,username_monitor,"No existe un usuario asociado al username 1631686-3754"
962,386,2,username_estudiante,"No existe un usuario Ases asociado al username 2177831-3754"
962,386,1,username_monitor,"No existe un usuario asociado al username 1631686-3754"
963,387,2,username_estudiante,"No existe un usuario Ases asociado al username 2183165-3741"
964,388,2,username_estudiante,"No existe un usuario Ases asociado al username 2179122-3741"
965,389,2,username_estudiante,"No existe un usuario Ases asociado al username 2177701-3741"
966,390,2,username_estudiante,"No existe un usuario Ases asociado al username 2179112-3741"
967,391,2,username_estudiante,"No existe un usuario Ases asociado al username 2182030-3745"
968,392,2,username_estudiante,"No existe un usuario Ases asociado al username 2179526-3745"
969,393,2,username_estudiante,"No existe un usuario Ases asociado al username 2180254-3745"
971,394,1,username_monitor,"El usuario asociado al username 1730804-3741 no tiene asignado el rol monitor"
972,395,2,username_estudiante,"No existe un usuario Ases asociado al username 2177804-3748"
975,396,2,username_estudiante,"No existe un usuario Ases asociado al username 2190267-3748"
977,397,2,username_estudiante,"No existe un usuario Ases asociado al username 2190668-3749"
978,398,2,username_estudiante,"No existe un usuario Ases asociado al username 2180310-3146"
978,398,1,username_monitor,"El usuario asociado al username 1926247-3146 no tiene asignado el rol monitor"
979,399,2,username_estudiante,"No existe un usuario Ases asociado al username 2177370-2131"
980,400,2,username_estudiante,"No existe un usuario Ases asociado al username 2182902-2131"
981,401,2,username_estudiante,"No existe un usuario Ases asociado al username 2178997-2131"
982,402,2,username_estudiante,"No existe un usuario Ases asociado al username 2183079-2131"
983,403,2,username_estudiante,"No existe un usuario Ases asociado al username 2177546-2131"
984,404,2,username_estudiante,"No existe un usuario Ases asociado al username 2182964-3749"
985,405,2,username_estudiante,"No existe un usuario Ases asociado al username 2182761-3747"
985,405,1,username_monitor,"No existe un usuario asociado al username 1629829-3747"
986,406,2,username_estudiante,"No existe un usuario Ases asociado al username 2181685-3741"
987,407,2,username_estudiante,"No existe un usuario Ases asociado al username 2178793-3741"
988,408,2,username_estudiante,"No existe un usuario Ases asociado al username 2140196-3741"
989,409,2,username_estudiante,"No existe un usuario Ases asociado al username 2180172-3741"
989,409,1,username_monitor,"El usuario asociado al username 1730804-3741 no tiene asignado el rol monitor"
990,410,2,username_estudiante,"No existe un usuario Ases asociado al username 2183264-3741"
990,410,1,username_monitor,"El usuario asociado al username 1730804-3741 no tiene asignado el rol monitor"
991,411,2,username_estudiante,"No existe un usuario Ases asociado al username 2178105-2131"
992,412,2,username_estudiante,"No existe un usuario Ases asociado al username 2182333-3651"
992,412,1,username_monitor,"El usuario asociado al username 1943597-3651 no tiene asignado el rol monitor"
993,413,2,username_estudiante,"No existe un usuario Ases asociado al username 2179088-3651"
993,413,1,username_monitor,"El usuario asociado al username 1943597-3651 no tiene asignado el rol monitor"
994,414,2,username_estudiante,"No existe un usuario Ases asociado al username 2178159-3651"
994,414,1,username_monitor,"El usuario asociado al username 1943597-3651 no tiene asignado el rol monitor"
995,415,2,username_estudiante,"No existe un usuario Ases asociado al username 2179926-3651"
995,415,1,username_monitor,"El usuario asociado al username 1943597-3651 no tiene asignado el rol monitor"
996,416,2,username_estudiante,"No existe un usuario Ases asociado al username 2182950-3661"
996,416,1,username_monitor,"El usuario asociado al username 1674747-3661 no tiene asignado el rol monitor"
997,417,2,username_estudiante,"No existe un usuario Ases asociado al username 2177527-3645"
997,417,1,username_monitor,"El usuario asociado al username 1674747-3661 no tiene asignado el rol monitor"
998,418,2,username_estudiante,"No existe un usuario Ases asociado al username 2177381-3661"
998,418,1,username_monitor,"El usuario asociado al username 1674747-3661 no tiene asignado el rol monitor"
999,419,2,username_estudiante,"No existe un usuario Ases asociado al username 2178487-3651"
999,419,1,username_monitor,"El usuario asociado al username 1674747-3661 no tiene asignado el rol monitor"
1000,420,2,username_estudiante,"No existe un usuario Ases asociado al username 2180424-3647"
1000,420,1,username_monitor,"El usuario asociado al username 1674747-3661 no tiene asignado el rol monitor"
1001,421,2,username_estudiante,"No existe un usuario Ases asociado al username 2190021-3645"
1001,421,1,username_monitor,"El usuario asociado al username 1673230-3645 no tiene asignado el rol monitor"
1002,422,1,username_monitor,"El usuario asociado al username 1673230-3645 no tiene asignado el rol monitor"
1003,423,1,username_monitor,"El usuario asociado al username 1673230-3645 no tiene asignado el rol monitor"
1004,424,2,username_estudiante,"No existe un usuario Ases asociado al username 2178742-3645"
1004,424,1,username_monitor,"El usuario asociado al username 1673230-3645 no tiene asignado el rol monitor"
1005,425,2,username_estudiante,"No existe un usuario Ases asociado al username 2179348-3645"
1005,425,1,username_monitor,"El usuario asociado al username 1673230-3645 no tiene asignado el rol monitor"
1006,426,2,username_estudiante,"No existe un usuario Ases asociado al username 2178654-3645"
1006,426,1,username_monitor,"El usuario asociado al username 1673230-3645 no tiene asignado el rol monitor"
1007,427,2,username_estudiante,"No existe un usuario Ases asociado al username 2181054-3645"
1007,427,1,username_monitor,"El usuario asociado al username 1673230-3645 no tiene asignado el rol monitor"
1008,428,2,username_estudiante,"No existe un usuario Ases asociado al username 2180854-3645"
1008,428,1,username_monitor,"El usuario asociado al username 1673230-3645 no tiene asignado el rol monitor"
1009,429,2,username_estudiante,"No existe un usuario Ases asociado al username 2179976-3648"
1009,429,1,username_monitor,"No existe un usuario asociado al username 1741079-3648"
1010,430,2,username_estudiante,"No existe un usuario Ases asociado al username 2178215-3648"
1010,430,1,username_monitor,"No existe un usuario asociado al username 1741079-3648"
1011,431,2,username_estudiante,"No existe un usuario Ases asociado al username 2181770-3648"
1011,431,1,username_monitor,"No existe un usuario asociado al username 1741079-3648"
1012,432,2,username_estudiante,"No existe un usuario Ases asociado al username 2190487-3648"
1012,432,1,username_monitor,"No existe un usuario asociado al username 1741079-3648"
1013,433,2,username_estudiante,"No existe un usuario Ases asociado al username 2180371-3648"
1013,433,1,username_monitor,"No existe un usuario asociado al username 1741079-3648"
1014,434,2,username_estudiante,"No existe un usuario Ases asociado al username 2140167-3648"
1014,434,1,username_monitor,"No existe un usuario asociado al username 1741079-3648"
1015,435,2,username_estudiante,"No existe un usuario Ases asociado al username 2182336-3648"
1015,435,1,username_monitor,"No existe un usuario asociado al username 1741079-3648"
1016,436,2,username_estudiante,"No existe un usuario Ases asociado al username 2140045-3646"
1016,436,1,username_monitor,"No existe un usuario asociado al username 1941600-3646"
1017,437,2,username_estudiante,"No existe un usuario Ases asociado al username 2183050-3646"
1017,437,1,username_monitor,"No existe un usuario asociado al username 1941600-3646"
1018,438,2,username_estudiante,"No existe un usuario Ases asociado al username 2190679-3646"
1018,438,1,username_monitor,"No existe un usuario asociado al username 1941600-3646"
1019,439,2,username_estudiante,"No existe un usuario Ases asociado al username 2180448-3651"
1020,440,2,username_estudiante,"No existe un usuario Ases asociado al username 2190284-2131"
1020,440,1,username_monitor,"No existe un usuario asociado al username 1827046-2131"
1021,441,2,username_estudiante,"No existe un usuario Ases asociado al username 2182571-2131"
1021,441,1,username_monitor,"No existe un usuario asociado al username 1827046-2131"
1022,442,2,username_estudiante,"No existe un usuario Ases asociado al username 2178625-2131"
1022,442,1,username_monitor,"No existe un usuario asociado al username 1827046-2131"
1023,443,2,username_estudiante,"No existe un usuario Ases asociado al username 2177930-2131"
1023,443,1,username_monitor,"No existe un usuario asociado al username 1827046-2131"
1024,444,2,username_estudiante,"No existe un usuario Ases asociado al username 2181704-2131"
1024,444,1,username_monitor,"No existe un usuario asociado al username 1827046-2131"
1025,445,2,username_estudiante,"No existe un usuario Ases asociado al username 2179709-2131"
1025,445,1,username_monitor,"No existe un usuario asociado al username 1827046-2131"
1026,446,2,username_estudiante,"No existe un usuario Ases asociado al username 2180471-2131"
1026,446,1,username_monitor,"No existe un usuario asociado al username 1827046-2131"
1027,447,2,username_estudiante,"No existe un usuario Ases asociado al username 2191289-3651"
1032,448,2,username_estudiante,"No existe un usuario Ases asociado al username 2178909-3651"
1032,448,1,username_monitor,"No existe un usuario asociado al username 1842552-3651"
1033,449,2,username_estudiante,"No existe un usuario Ases asociado al username 2178349-3651"
1033,449,1,username_monitor,"No existe un usuario asociado al username 1842552-3651"
1034,450,2,username_estudiante,"No existe un usuario Ases asociado al username 2181070-3651"
1034,450,1,username_monitor,"No existe un usuario asociado al username 1842552-3651"
1035,451,1,username_monitor,"No existe un usuario asociado al username 1842552-3651"
1036,452,1,username_monitor,"No existe un usuario asociado al username 1842552-3651"
1037,453,2,username_estudiante,"No existe un usuario Ases asociado al username 2178276-3648"
1037,453,1,username_monitor,"El usuario asociado al username 1943597-3651 no tiene asignado el rol monitor"
1038,454,2,username_estudiante,"No existe un usuario Ases asociado al username 2181101-3646"
1038,454,1,username_monitor,"No existe un usuario asociado al username 1941600-3646"
1039,455,2,username_estudiante,"No existe un usuario Ases asociado al username 2177163-3646"
1039,455,1,username_monitor,"No existe un usuario asociado al username 1941600-3646"
1040,456,1,username_monitor,"No existe un usuario asociado al username 1825167-3492"
1041,457,1,username_monitor,"No existe un usuario asociado al username 1825167-3492"
1042,458,1,username_monitor,"No existe un usuario asociado al username 1825167-3492"
1043,459,1,username_monitor,"No existe un usuario asociado al username 1825167-3492"
1044,460,1,username_monitor,"No existe un usuario asociado al username 1825167-3492"
1049,461,2,username_estudiante,"No existe un usuario Ases asociado al username 2181857-3740"
1049,461,1,username_monitor,"No existe un usuario asociado al username 1743675-3740"
1050,462,2,username_estudiante,"No existe un usuario Ases asociado al username 2180080-3740"
1050,462,1,username_monitor,"No existe un usuario asociado al username 1743675-3740"
1051,463,2,username_estudiante,"No existe un usuario Ases asociado al username 2177920-3740"
1051,463,1,username_monitor,"No existe un usuario asociado al username 1743675-3740"
1052,464,2,username_estudiante,"No existe un usuario Ases asociado al username 2179369-3740"
1052,464,1,username_monitor,"No existe un usuario asociado al username 1743675-3740"
1053,465,2,username_estudiante,"No existe un usuario Ases asociado al username 2177964-2724"
1054,466,2,username_estudiante,"No existe un usuario Ases asociado al username 2181039-2724"
1055,467,2,username_estudiante,"No existe un usuario Ases asociado al username 2180450-2724"
1056,468,2,username_estudiante,"No existe un usuario Ases asociado al username 2177142-2710"
1057,469,2,username_estudiante,"No existe un usuario Ases asociado al username 2183206-3746"
1058,470,2,username_estudiante,"No existe un usuario Ases asociado al username 2182834-3746"
1059,471,2,username_estudiante,"No existe un usuario Ases asociado al username 2179747-2710"
1060,472,2,username_estudiante,"No existe un usuario Ases asociado al username 2178324-2710"
1061,473,2,username_estudiante,"No existe un usuario Ases asociado al username 2180314-2711"
1062,474,2,username_estudiante,"No existe un usuario Ases asociado al username 2180802-2711"
1063,475,2,username_estudiante,"No existe un usuario Ases asociado al username 2180503-3745"
1064,476,2,username_estudiante,"No existe un usuario Ases asociado al username 2183423-3745"
1065,477,2,username_estudiante,"No existe un usuario Ases asociado al username 2178591-3745"
1066,478,2,username_estudiante,"No existe un usuario Ases asociado al username 2183469-3745"
1067,479,1,username_monitor,"No existe un usuario asociado al username 1927974-3461"
1068,480,1,username_monitor,"No existe un usuario asociado al username 1927974-3461"
1069,481,1,username_monitor,"No existe un usuario asociado al username 1927974-3461"
1070,482,1,username_monitor,"No existe un usuario asociado al username 1927974-3461"
1071,483,1,username_monitor,"No existe un usuario asociado al username 1927974-3461"
1072,484,2,username_estudiante,"No existe un usuario Ases asociado al username 2025000-3249"
1082,485,1,username_monitor,"No existe un usuario asociado al username 1731655-3461"
1087,486,2,username_estudiante,"No existe un usuario Ases asociado al username 2190282-3489"
1087,486,1,username_monitor,"No existe un usuario asociado al username 1944085-3489"
1088,487,1,username_monitor,"No existe un usuario asociado al username 1731655-3461"
1089,488,2,username_estudiante,"No existe un usuario Ases asociado al username 2181812-3489"
1089,488,1,username_monitor,"No existe un usuario asociado al username 1944085-3489"
1090,489,2,username_estudiante,"No existe un usuario Ases asociado al username 2180957-3489"
1090,489,1,username_monitor,"No existe un usuario asociado al username 1944085-3489"
1091,490,2,username_estudiante,"No existe un usuario Ases asociado al username 2180554-3489"
1091,490,1,username_monitor,"No existe un usuario asociado al username 1944085-3489"
1092,491,2,username_estudiante,"No existe un usuario Ases asociado al username 2190230-3489"
1092,491,1,username_monitor,"No existe un usuario asociado al username 1944085-3489"
1093,492,1,username_monitor,"No existe un usuario asociado al username 1731655-3461"
1096,493,1,username_monitor,"No existe un usuario asociado al username 1731655-3461"
1103,494,2,username_estudiante,"No existe un usuario Ases asociado al username 2190836-3251"
1105,495,2,username_estudiante,"No existe un usuario Ases asociado al username 2179224-3251"
1109,496,2,username_estudiante,"No existe un usuario Ases asociado al username 2181036-3251"
1121,497,1,username_monitor,"No existe un usuario asociado al username 1731513-3249"
1123,498,1,username_monitor,"No existe un usuario asociado al username 1731513-3249"
1124,499,2,username_estudiante,"No existe un usuario Ases asociado al username 2181988-3251"
1124,499,1,username_monitor,"No existe un usuario asociado al username 1731513-3249"
1125,500,1,username_monitor,"No existe un usuario asociado al username 1731513-3249"
1126,501,1,username_monitor,"No existe un usuario asociado al username 1731513-3249"
1127,502,1,username_monitor,"No existe un usuario asociado al username 1731513-3249"
1128,503,2,username_estudiante,"No existe un usuario Ases asociado al username 2170370-3249"
1128,503,1,username_monitor,"No existe un usuario asociado al username 1731513-3249"
1129,504,1,username_monitor,"No existe un usuario asociado al username 1731513-3249"
1131,505,1,username_monitor,"No existe un usuario asociado al username 1731513-3249"
1136,506,2,username_estudiante,"No existe un usuario Ases asociado al username 2179427-3340"
1141,507,2,username_estudiante,"No existe un usuario Ases asociado al username 2182401-3340"
1142,508,2,username_estudiante,"No existe un usuario Ases asociado al username 2178674-3340"
1143,509,2,username_estudiante,"No existe un usuario Ases asociado al username 2179665-3340"
1144,510,2,username_estudiante,"No existe un usuario Ases asociado al username 2180357-3340"
1145,511,2,username_estudiante,"No existe un usuario Ases asociado al username 2177483-3340"
1146,512,2,username_estudiante,"No existe un usuario Ases asociado al username 2177341-3340"
1147,513,2,username_estudiante,"No existe un usuario Ases asociado al username 2190152-3340"
1149,514,2,username_estudiante,"No existe un usuario Ases asociado al username 2179549-3340"
1150,515,2,username_estudiante,"No existe un usuario Ases asociado al username 2178709-3340"
1151,516,2,username_estudiante,"No existe un usuario Ases asociado al username 2183147-3340"
1151,516,1,username_monitor,"No existe un usuario asociado al username 2041881-3340"
1153,517,1,username_monitor,"No existe un usuario asociado al username 2041881-3340"
1154,518,1,username_monitor,"No existe un usuario asociado al username 2041881-3340"
1155,519,2,username_estudiante,"No existe un usuario Ases asociado al username 2178193-3340"
1155,519,1,username_monitor,"No existe un usuario asociado al username 2041881-3340"
1156,520,2,username_estudiante,"No existe un usuario Ases asociado al username 2190928-3340"
1156,520,1,username_monitor,"No existe un usuario asociado al username 2041881-3340"
1157,521,1,username_monitor,"No existe un usuario asociado al username 1927107-3267"
1158,522,1,username_monitor,"No existe un usuario asociado al username 1927107-3267"
1159,523,1,username_monitor,"No existe un usuario asociado al username 1927107-3267"
1160,524,1,username_monitor,"No existe un usuario asociado al username 1927107-3267"
1161,525,1,username_monitor,"No existe un usuario asociado al username 1927107-3267"
1162,526,1,username_monitor,"No existe un usuario asociado al username 1927107-3267"
1163,527,1,username_monitor,"No existe un usuario asociado al username 1927107-3267"
1164,528,2,username_estudiante,"No existe un usuario Ases asociado al username 2182653-3251"
1164,528,1,username_monitor,"No existe un usuario asociado al username 2055305-3251"
1165,529,2,username_estudiante,"No existe un usuario Ases asociado al username 2190243-3251"
1165,529,1,username_monitor,"No existe un usuario asociado al username 2055305-3251"
1167,530,2,username_estudiante,"No existe un usuario Ases asociado al username 2182348-3251"
1167,530,1,username_monitor,"No existe un usuario asociado al username 2055305-3251"
1169,531,2,username_estudiante,"No existe un usuario Ases asociado al username 2178508-3251"
1169,531,1,username_monitor,"No existe un usuario asociado al username 2055305-3251"
1171,532,2,username_estudiante,"No existe un usuario Ases asociado al username 2178359-3251"
1171,532,1,username_monitor,"No existe un usuario asociado al username 2055305-3251"
1189,533,2,username_estudiante,"No existe un usuario Ases asociado al username 2178356-3545"
1190,534,2,username_estudiante,"No existe un usuario Ases asociado al username 2177639-3545"
1191,535,2,username_estudiante,"No existe un usuario Ases asociado al username 2181284-3545"
1204,536,2,username_estudiante,"No existe un usuario Ases asociado al username 2180772-3545"
1206,537,2,username_estudiante,"No existe un usuario Ases asociado al username 2177836-3545"
1211,538,1,username_monitor,"No existe un usuario asociado al username 1823697-3545"
1212,539,1,username_monitor,"No existe un usuario asociado al username 1823697-3545"
1214,540,1,username_monitor,"No existe un usuario asociado al username 1823697-3545"
1216,541,1,username_monitor,"No existe un usuario asociado al username 1823697-3545"
1218,542,1,username_monitor,"No existe un usuario asociado al username 1823697-3545"
1219,543,1,username_monitor,"No existe un usuario asociado al username 2029005-3545"
1220,544,2,username_estudiante,"No existe un usuario Ases asociado al username 2190453-3545"
1220,544,1,username_monitor,"No existe un usuario asociado al username 2029005-3545"
1221,545,2,username_estudiante,"No existe un usuario Ases asociado al username 2190722-3545"
1221,545,1,username_monitor,"No existe un usuario asociado al username 2029005-3545"
1222,546,2,username_estudiante,"No existe un usuario Ases asociado al username 2180336-3545"
1222,546,1,username_monitor,"No existe un usuario asociado al username 2029005-3545"
1224,547,2,username_estudiante,"No existe un usuario Ases asociado al username 2190873-3545"
1224,547,1,username_monitor,"No existe un usuario asociado al username 2029005-3545"
1263,548,2,username_estudiante,"No existe un usuario Ases asociado al username 2182540-3489"
1263,548,1,username_monitor,"No existe un usuario asociado al username 1843841-3489"
1265,549,2,username_estudiante,"No existe un usuario Ases asociado al username 2183286-3489"
1265,549,1,username_monitor,"No existe un usuario asociado al username 1843841-3489"
1267,550,2,username_estudiante,"No existe un usuario Ases asociado al username 2182094-3489"
1267,550,1,username_monitor,"No existe un usuario asociado al username 1843841-3489"
1268,551,1,username_monitor,"No existe un usuario asociado al username 1929855-3461"
1269,552,1,username_monitor,"No existe un usuario asociado al username 1929855-3461"
1270,553,1,username_monitor,"No existe un usuario asociado al username 1922311-3550"
1271,554,1,username_monitor,"No existe un usuario asociado al username 1922311-3550"
1272,555,1,username_monitor,"No existe un usuario asociado al username 1922311-3550"
1273,556,1,username_monitor,"No existe un usuario asociado al username 1922311-3550"
1275,557,1,username_monitor,"No existe un usuario asociado al username 1929855-3461"
1277,558,1,username_monitor,"No existe un usuario asociado al username 1929855-3461"
1278,559,1,username_monitor,"No existe un usuario asociado al username 1929855-3461"
1282,560,1,username_monitor,"No existe un usuario asociado al username 1632973-3250"
1283,561,1,username_monitor,"No existe un usuario asociado al username 1632973-3250"
1284,562,1,username_monitor,"No existe un usuario asociado al username 1632973-3250"
1285,563,1,username_monitor,"No existe un usuario asociado al username 1632973-3250"
1286,564,1,username_monitor,"No existe un usuario asociado al username 1632973-3250"
1287,565,1,username_monitor,"No existe un usuario asociado al username 1632973-3250"
1288,566,2,username_estudiante,"No existe un usuario Ases asociado al username 2190889-3492"
1289,567,1,username_monitor,"No existe un usuario asociado al username 1632973-3250"
1290,568,2,username_estudiante,"No existe un usuario Ases asociado al username 2190830-3492"
1291,569,2,username_estudiante,"No existe un usuario Ases asociado al username 2178161-3492"
1293,570,2,username_estudiante,"No existe un usuario Ases asociado al username 2183437-3492"
1309,571,1,username_monitor,"No existe un usuario asociado al username 1823229-3545"
1310,572,1,username_monitor,"No existe un usuario asociado al username 1823229-3545"
1311,573,1,username_monitor,"No existe un usuario asociado al username 1823229-3545"
1312,574,1,username_monitor,"No existe un usuario asociado al username 1823229-3545"
1313,575,1,username_monitor,"No existe un usuario asociado al username 1823229-3545"
1314,576,2,username_estudiante,"No existe un usuario Ases asociado al username 2179710-3745"
1314,576,1,username_monitor,"No existe un usuario asociado al username 1931916-3745"
1315,577,2,username_estudiante,"No existe un usuario Ases asociado al username 2182645-3745"
1315,577,1,username_monitor,"No existe un usuario asociado al username 1931916-3745"
1316,578,2,username_estudiante,"No existe un usuario Ases asociado al username 2180938-3745"
1316,578,1,username_monitor,"No existe un usuario asociado al username 1931916-3745"
1317,579,2,username_estudiante,"No existe un usuario Ases asociado al username 2191351-3745"
1317,579,1,username_monitor,"No existe un usuario asociado al username 1931916-3745"
1318,580,2,username_estudiante,"No existe un usuario Ases asociado al username 2182719-3745"
1318,580,1,username_monitor,"No existe un usuario asociado al username 1931916-3745"
1319,581,2,username_estudiante,"No existe un usuario Ases asociado al username 2179938-2711"
1319,581,1,username_monitor,"No existe un usuario asociado al username 1824786-3754"
1320,582,2,username_estudiante,"No existe un usuario Ases asociado al username 2179936-3754"
1320,582,1,username_monitor,"No existe un usuario asociado al username 1824786-3754"
1321,583,2,username_estudiante,"No existe un usuario Ases asociado al username 2183396-2635"
1322,584,2,username_estudiante,"No existe un usuario Ases asociado al username 2179127-2635"
1323,585,2,username_estudiante,"No existe un usuario Ases asociado al username 2140031-3751"
1323,585,1,username_monitor,"No existe un usuario asociado al username 1629687-3751"
1327,586,2,username_estudiante,"No existe un usuario Ases asociado al username 2181479-3748"
