﻿"No. linea - archivo original","No. linea - archivo registros erroneos","No. columna","Nombre Columna","detalle error"
2,2,2,username_estudiante,"El usuario asociado al username 1425987 Ya tiene asignado un monitor"
3,3,2,username_estudiante,"El usuario asociado al username 1425987 Ya tiene asignado un monitor"
4,4,2,username_estudiante,"El usuario asociado al username 1425987 Ya tiene asignado un monitor"
5,5,2,username_estudiante,"El usuario asociado al username 1425987 Ya tiene asignado un monitor"
6,6,2,username_estudiante,"El usuario asociado al username 1425987 Ya tiene asignado un monitor"
7,7,2,username_estudiante,"El usuario asociado al username 1425987 Ya tiene asignado un monitor"
8,8,2,username_estudiante,"El usuario asociado al username 1425987 Ya tiene asignado un monitor"
9,9,2,username_estudiante,"El usuario asociado al username 1425987 Ya tiene asignado un monitor"
10,10,2,username_estudiante,"El usuario asociado al username 1541528 Ya tiene asignado un monitor"
11,11,2,username_estudiante,"No existe un usuario Ases asociado al username 1755457"
12,12,2,username_estudiante,"El usuario asociado al username 1541528 Ya tiene asignado un monitor"
13,13,2,username_estudiante,"El usuario asociado al username 1541528 Ya tiene asignado un monitor"
14,14,2,username_estudiante,"El usuario asociado al username 1541528 Ya tiene asignado un monitor"
15,15,2,username_estudiante,"El usuario asociado al username 1541528 Ya tiene asignado un monitor"
16,16,2,username_estudiante,"El usuario asociado al username 1541528 Ya tiene asignado un monitor"
17,17,2,username_estudiante,"El usuario asociado al username 1541528 Ya tiene asignado un monitor"
18,18,2,username_estudiante,"El usuario asociado al username 1135059 Ya tiene asignado un monitor"
19,19,2,username_estudiante,"El usuario asociado al username 1135059 Ya tiene asignado un monitor"
20,20,2,username_estudiante,"El usuario asociado al username 1135059 Ya tiene asignado un monitor"
21,21,2,username_estudiante,"El usuario asociado al username 1135059 Ya tiene asignado un monitor"
22,22,2,username_estudiante,"El usuario asociado al username 1135059 Ya tiene asignado un monitor"
23,23,2,username_estudiante,"El usuario asociado al username 1135059 Ya tiene asignado un monitor"
24,24,2,username_estudiante,"El usuario asociado al username 1135059 Ya tiene asignado un monitor"
25,25,2,username_estudiante,"El usuario asociado al username 1135059 Ya tiene asignado un monitor"
26,26,2,username_estudiante,"El usuario asociado al username 1525735 Ya tiene asignado un monitor"
27,27,2,username_estudiante,"El usuario asociado al username 1525735 Ya tiene asignado un monitor"
28,28,2,username_estudiante,"El usuario asociado al username 1525735 Ya tiene asignado un monitor"
29,29,2,username_estudiante,"El usuario asociado al username 1525735 Ya tiene asignado un monitor"
30,30,2,username_estudiante,"El usuario asociado al username 1525735 Ya tiene asignado un monitor"
31,31,2,username_estudiante,"El usuario asociado al username 1525735 Ya tiene asignado un monitor"
32,32,2,username_estudiante,"El usuario asociado al username 1525735 Ya tiene asignado un monitor"
33,33,2,username_estudiante,"El usuario asociado al username 1525735 Ya tiene asignado un monitor"
34,34,2,username_estudiante,"El usuario asociado al username 1525735 Ya tiene asignado un monitor"
35,35,2,username_estudiante,"El usuario asociado al username 1525735 Ya tiene asignado un monitor"
36,36,2,username_estudiante,"El usuario asociado al username 1225942 Ya tiene asignado un monitor"
37,37,2,username_estudiante,"El usuario asociado al username 1225942 Ya tiene asignado un monitor"
38,38,2,username_estudiante,"No existe un usuario Ases asociado al username 1724732"
39,39,2,username_estudiante,"El usuario asociado al username 1225942 Ya tiene asignado un monitor"
40,40,2,username_estudiante,"El usuario asociado al username 1225942 Ya tiene asignado un monitor"
41,41,2,username_estudiante,"No existe un usuario Ases asociado al username 1729431"
42,42,2,username_estudiante,"El usuario asociado al username 1225942 Ya tiene asignado un monitor"
43,43,2,username_estudiante,"El usuario asociado al username 1225942 Ya tiene asignado un monitor"
44,44,2,username_estudiante,"El usuario asociado al username 1225942 Ya tiene asignado un monitor"
45,45,2,username_estudiante,"El usuario asociado al username 1225942 Ya tiene asignado un monitor"
46,46,2,username_estudiante,"El usuario asociado al username 1330329 Ya tiene asignado un monitor"
47,47,2,username_estudiante,"El usuario asociado al username 1330329 Ya tiene asignado un monitor"
48,48,2,username_estudiante,"El usuario asociado al username 1330329 Ya tiene asignado un monitor"
49,49,2,username_estudiante,"El usuario asociado al username 1330329 Ya tiene asignado un monitor"
50,50,2,username_estudiante,"El usuario asociado al username 1330329 Ya tiene asignado un monitor"
51,51,2,username_estudiante,"El usuario asociado al username 1330329 Ya tiene asignado un monitor"
52,52,2,username_estudiante,"El usuario asociado al username 1330329 Ya tiene asignado un monitor"
53,53,2,username_estudiante,"El usuario asociado al username 1330329 Ya tiene asignado un monitor"
54,54,2,username_estudiante,"El usuario asociado al username 1330329 Ya tiene asignado un monitor"
55,55,2,username_estudiante,"El usuario asociado al username 1330329 Ya tiene asignado un monitor"
56,56,2,username_estudiante,"El usuario asociado al username 1324389 Ya tiene asignado un monitor"
57,57,2,username_estudiante,"El usuario asociado al username 1324389 Ya tiene asignado un monitor"
58,58,2,username_estudiante,"El usuario asociado al username 1324389 Ya tiene asignado un monitor"
59,59,2,username_estudiante,"El usuario asociado al username 1324389 Ya tiene asignado un monitor"
60,60,2,username_estudiante,"El usuario asociado al username 1324389 Ya tiene asignado un monitor"
61,61,2,username_estudiante,"El usuario asociado al username 1324389 Ya tiene asignado un monitor"
62,62,2,username_estudiante,"El usuario asociado al username 1324389 Ya tiene asignado un monitor"
63,63,2,username_estudiante,"El usuario asociado al username 1324389 Ya tiene asignado un monitor"
64,64,2,username_estudiante,"El usuario asociado al username 1324389 Ya tiene asignado un monitor"
65,65,2,username_estudiante,"El usuario asociado al username 1324389 Ya tiene asignado un monitor"
66,66,2,username_estudiante,"No existe un usuario Ases asociado al username 1724235"
67,67,2,username_estudiante,"El usuario asociado al username 1330815 Ya tiene asignado un monitor"
68,68,2,username_estudiante,"El usuario asociado al username 1330815 Ya tiene asignado un monitor"
69,69,2,username_estudiante,"El usuario asociado al username 1330815 Ya tiene asignado un monitor"
70,70,2,username_estudiante,"El usuario asociado al username 1330815 Ya tiene asignado un monitor"
71,71,2,username_estudiante,"El usuario asociado al username 1330815 Ya tiene asignado un monitor"
72,72,2,username_estudiante,"El usuario asociado al username 1330815 Ya tiene asignado un monitor"
73,73,2,username_estudiante,"El usuario asociado al username 1330815 Ya tiene asignado un monitor"
74,74,2,username_estudiante,"El usuario asociado al username 1330815 Ya tiene asignado un monitor"
75,75,2,username_estudiante,"El usuario asociado al username 1330815 Ya tiene asignado un monitor"
76,76,2,username_estudiante,"El usuario asociado al username 1330815 Ya tiene asignado un monitor"
77,77,2,username_estudiante,"El usuario asociado al username 1330815 Ya tiene asignado un monitor"
78,78,2,username_estudiante,"El usuario asociado al username 1329100 Ya tiene asignado un monitor"
79,79,2,username_estudiante,"El usuario asociado al username 1329100 Ya tiene asignado un monitor"
80,80,2,username_estudiante,"El usuario asociado al username 1329100 Ya tiene asignado un monitor"
81,81,2,username_estudiante,"El usuario asociado al username 1329100 Ya tiene asignado un monitor"
82,82,2,username_estudiante,"El usuario asociado al username 1329100 Ya tiene asignado un monitor"
83,83,2,username_estudiante,"El usuario asociado al username 1329100 Ya tiene asignado un monitor"
84,84,2,username_estudiante,"El usuario asociado al username 1329100 Ya tiene asignado un monitor"
85,85,2,username_estudiante,"El usuario asociado al username 1329100 Ya tiene asignado un monitor"
86,86,2,username_estudiante,"El usuario asociado al username 1329100 Ya tiene asignado un monitor"
87,87,2,username_estudiante,"El usuario asociado al username 1325194 Ya tiene asignado un monitor"
88,88,2,username_estudiante,"El usuario asociado al username 1325194 Ya tiene asignado un monitor"
89,89,2,username_estudiante,"El usuario asociado al username 1325194 Ya tiene asignado un monitor"
90,90,2,username_estudiante,"El usuario asociado al username 1325194 Ya tiene asignado un monitor"
91,91,2,username_estudiante,"El usuario asociado al username 1325194 Ya tiene asignado un monitor"
92,92,2,username_estudiante,"El usuario asociado al username 1325194 Ya tiene asignado un monitor"
93,93,2,username_estudiante,"El usuario asociado al username 1325194 Ya tiene asignado un monitor"
94,94,2,username_estudiante,"El usuario asociado al username 1325194 Ya tiene asignado un monitor"
95,95,2,username_estudiante,"El usuario asociado al username 1325194 Ya tiene asignado un monitor"
96,96,2,username_estudiante,"El usuario asociado al username 1325194 Ya tiene asignado un monitor"
97,97,2,username_estudiante,"El usuario asociado al username 1438171 Ya tiene asignado un monitor"
98,98,2,username_estudiante,"El usuario asociado al username 1438171 Ya tiene asignado un monitor"
99,99,2,username_estudiante,"El usuario asociado al username 1438171 Ya tiene asignado un monitor"
100,100,2,username_estudiante,"El usuario asociado al username 1438171 Ya tiene asignado un monitor"
101,101,2,username_estudiante,"El usuario asociado al username 1438171 Ya tiene asignado un monitor"
102,102,2,username_estudiante,"El usuario asociado al username 1438171 Ya tiene asignado un monitor"
103,103,2,username_estudiante,"El usuario asociado al username 1438171 Ya tiene asignado un monitor"
104,104,2,username_estudiante,"El usuario asociado al username 1438171 Ya tiene asignado un monitor"
105,105,2,username_estudiante,"El usuario asociado al username 1438171 Ya tiene asignado un monitor"
106,106,2,username_estudiante,"El usuario asociado al username 1341927 Ya tiene asignado un monitor"
107,107,2,username_estudiante,"El usuario asociado al username 1341927 Ya tiene asignado un monitor"
108,108,2,username_estudiante,"El usuario asociado al username 1341927 Ya tiene asignado un monitor"
109,109,2,username_estudiante,"El usuario asociado al username 1341927 Ya tiene asignado un monitor"
110,110,2,username_estudiante,"El usuario asociado al username 1341927 Ya tiene asignado un monitor"
111,111,2,username_estudiante,"El usuario asociado al username 1341927 Ya tiene asignado un monitor"
112,112,2,username_estudiante,"El usuario asociado al username 1341927 Ya tiene asignado un monitor"
113,113,2,username_estudiante,"El usuario asociado al username 1341927 Ya tiene asignado un monitor"
114,114,2,username_estudiante,"El usuario asociado al username 1341927 Ya tiene asignado un monitor"
115,115,2,username_estudiante,"El usuario asociado al username 1435850 Ya tiene asignado un monitor"
116,116,2,username_estudiante,"El usuario asociado al username 1435850 Ya tiene asignado un monitor"
117,117,2,username_estudiante,"No existe un usuario Ases asociado al username 1771206"
118,118,2,username_estudiante,"No existe un usuario Ases asociado al username 1771342"
119,119,2,username_estudiante,"El usuario asociado al username 1435850 Ya tiene asignado un monitor"
120,120,2,username_estudiante,"El usuario asociado al username 1435850 Ya tiene asignado un monitor"
121,121,2,username_estudiante,"El usuario asociado al username 1435850 Ya tiene asignado un monitor"
122,122,2,username_estudiante,"El usuario asociado al username 1435850 Ya tiene asignado un monitor"
123,123,2,username_estudiante,"El usuario asociado al username 1426520 Ya tiene asignado un monitor"
124,124,2,username_estudiante,"El usuario asociado al username 1240848 Ya tiene asignado un monitor"
125,125,2,username_estudiante,"El usuario asociado al username 1240848 Ya tiene asignado un monitor"
126,126,2,username_estudiante,"El usuario asociado al username 1240848 Ya tiene asignado un monitor"
127,127,2,username_estudiante,"El usuario asociado al username 1240848 Ya tiene asignado un monitor"
128,128,2,username_estudiante,"El usuario asociado al username 1240848 Ya tiene asignado un monitor"
129,129,2,username_estudiante,"El usuario asociado al username 1240848 Ya tiene asignado un monitor"
130,130,2,username_estudiante,"El usuario asociado al username 1240848 Ya tiene asignado un monitor"
131,131,2,username_estudiante,"El usuario asociado al username 1240848 Ya tiene asignado un monitor"
132,132,2,username_estudiante,"El usuario asociado al username 1240848 Ya tiene asignado un monitor"
133,133,2,username_estudiante,"No existe un usuario Ases asociado al username 1540769"
134,134,2,username_estudiante,"El usuario asociado al username 1438747 Ya tiene asignado un monitor"
135,135,2,username_estudiante,"El usuario asociado al username 1438747 Ya tiene asignado un monitor"
136,136,2,username_estudiante,"El usuario asociado al username 1438747 Ya tiene asignado un monitor"
137,137,2,username_estudiante,"El usuario asociado al username 1438747 Ya tiene asignado un monitor"
138,138,2,username_estudiante,"El usuario asociado al username 1438747 Ya tiene asignado un monitor"
139,139,2,username_estudiante,"El usuario asociado al username 1438747 Ya tiene asignado un monitor"
140,140,2,username_estudiante,"El usuario asociado al username 1438747 Ya tiene asignado un monitor"
141,141,2,username_estudiante,"El usuario asociado al username 1438747 Ya tiene asignado un monitor"
142,142,2,username_estudiante,"El usuario asociado al username 1438747 Ya tiene asignado un monitor"
143,143,2,username_estudiante,"El usuario asociado al username 1438747 Ya tiene asignado un monitor"
144,144,2,username_estudiante,"El usuario asociado al username 1437209 Ya tiene asignado un monitor"
145,145,2,username_estudiante,"El usuario asociado al username 1437209 Ya tiene asignado un monitor"
146,146,2,username_estudiante,"El usuario asociado al username 1437209 Ya tiene asignado un monitor"
147,147,2,username_estudiante,"El usuario asociado al username 1437209 Ya tiene asignado un monitor"
148,148,2,username_estudiante,"El usuario asociado al username 1437209 Ya tiene asignado un monitor"
149,149,2,username_estudiante,"El usuario asociado al username 1437209 Ya tiene asignado un monitor"
150,150,2,username_estudiante,"El usuario asociado al username 1437209 Ya tiene asignado un monitor"
151,151,2,username_estudiante,"El usuario asociado al username 1437209 Ya tiene asignado un monitor"
152,152,2,username_estudiante,"El usuario asociado al username 1437209 Ya tiene asignado un monitor"
153,153,2,username_estudiante,"El usuario asociado al username 1426520 Ya tiene asignado un monitor"
154,154,2,username_estudiante,"El usuario asociado al username 1426520 Ya tiene asignado un monitor"
155,155,2,username_estudiante,"El usuario asociado al username 1426520 Ya tiene asignado un monitor"
156,156,2,username_estudiante,"El usuario asociado al username 1426520 Ya tiene asignado un monitor"
157,157,2,username_estudiante,"El usuario asociado al username 1426520 Ya tiene asignado un monitor"
158,158,2,username_estudiante,"El usuario asociado al username 1426520 Ya tiene asignado un monitor"
159,159,2,username_estudiante,"El usuario asociado al username 1426520 Ya tiene asignado un monitor"
160,160,2,username_estudiante,"El usuario asociado al username 1426520 Ya tiene asignado un monitor"
161,161,2,username_estudiante,"El usuario asociado al username 1426520 Ya tiene asignado un monitor"
162,162,2,username_estudiante,"El usuario asociado al username 1141114 Ya tiene asignado un monitor"
163,163,2,username_estudiante,"El usuario asociado al username 1141114 Ya tiene asignado un monitor"
164,164,2,username_estudiante,"El usuario asociado al username 1141114 Ya tiene asignado un monitor"
165,165,2,username_estudiante,"El usuario asociado al username 1141114 Ya tiene asignado un monitor"
166,166,2,username_estudiante,"El usuario asociado al username 1141114 Ya tiene asignado un monitor"
167,167,2,username_estudiante,"El usuario asociado al username 1141114 Ya tiene asignado un monitor"
168,168,2,username_estudiante,"El usuario asociado al username 1141114 Ya tiene asignado un monitor"
169,169,2,username_estudiante,"El usuario asociado al username 1141114 Ya tiene asignado un monitor"
170,170,2,username_estudiante,"El usuario asociado al username 1141114 Ya tiene asignado un monitor"
171,171,2,username_estudiante,"El usuario asociado al username 1141114 Ya tiene asignado un monitor"
172,172,2,username_estudiante,"El usuario asociado al username 1141114 Ya tiene asignado un monitor"
173,173,2,username_estudiante,"El usuario asociado al username 1436866 Ya tiene asignado un monitor"
174,174,2,username_estudiante,"El usuario asociado al username 1436866 Ya tiene asignado un monitor"
175,175,2,username_estudiante,"El usuario asociado al username 1436866 Ya tiene asignado un monitor"
176,176,2,username_estudiante,"El usuario asociado al username 1436866 Ya tiene asignado un monitor"
177,177,2,username_estudiante,"El usuario asociado al username 1436866 Ya tiene asignado un monitor"
178,178,2,username_estudiante,"El usuario asociado al username 1436866 Ya tiene asignado un monitor"
179,179,2,username_estudiante,"El usuario asociado al username 1541528 Ya tiene asignado un monitor"
180,180,2,username_estudiante,"El usuario asociado al username 1436866 Ya tiene asignado un monitor"
181,181,2,username_estudiante,"El usuario asociado al username 1436866 Ya tiene asignado un monitor"
182,182,2,username_estudiante,"El usuario asociado al username 1436866 Ya tiene asignado un monitor"
183,183,2,username_estudiante,"El usuario asociado al username 1035045 Ya tiene asignado un monitor"
184,184,2,username_estudiante,"El usuario asociado al username 1035045 Ya tiene asignado un monitor"
185,185,2,username_estudiante,"El usuario asociado al username 1035045 Ya tiene asignado un monitor"
186,186,2,username_estudiante,"El usuario asociado al username 1035045 Ya tiene asignado un monitor"
187,187,2,username_estudiante,"El usuario asociado al username 1035045 Ya tiene asignado un monitor"
188,188,2,username_estudiante,"El usuario asociado al username 1035045 Ya tiene asignado un monitor"
189,189,2,username_estudiante,"El usuario asociado al username 1035045 Ya tiene asignado un monitor"
190,190,2,username_estudiante,"El usuario asociado al username 1035045 Ya tiene asignado un monitor"
191,191,2,username_estudiante,"El usuario asociado al username 1035045 Ya tiene asignado un monitor"
192,192,2,username_estudiante,"El usuario asociado al username 1453734 Ya tiene asignado un monitor"
193,193,2,username_estudiante,"El usuario asociado al username 1453734 Ya tiene asignado un monitor"
194,194,2,username_estudiante,"El usuario asociado al username 1453734 Ya tiene asignado un monitor"
195,195,2,username_estudiante,"El usuario asociado al username 1352956 Ya tiene asignado un monitor"
196,196,2,username_estudiante,"El usuario asociado al username 1352956 Ya tiene asignado un monitor"
197,197,2,username_estudiante,"El usuario asociado al username 1352956 Ya tiene asignado un monitor"
198,198,2,username_estudiante,"El usuario asociado al username 1528819 Ya tiene asignado un monitor"
199,199,2,username_estudiante,"El usuario asociado al username 1528819 Ya tiene asignado un monitor"
200,200,2,username_estudiante,"El usuario asociado al username 1528819 Ya tiene asignado un monitor"
201,201,2,username_estudiante,"El usuario asociado al username 1528819 Ya tiene asignado un monitor"
202,202,2,username_estudiante,"El usuario asociado al username 1528819 Ya tiene asignado un monitor"
203,203,2,username_estudiante,"El usuario asociado al username 1528819 Ya tiene asignado un monitor"
204,204,2,username_estudiante,"El usuario asociado al username 1528819 Ya tiene asignado un monitor"
205,205,2,username_estudiante,"El usuario asociado al username 1528819 Ya tiene asignado un monitor"
206,206,2,username_estudiante,"El usuario asociado al username 1528819 Ya tiene asignado un monitor"
207,207,2,username_estudiante,"El usuario asociado al username 1528819 Ya tiene asignado un monitor"
208,208,2,username_estudiante,"El usuario asociado al username 1127392 Ya tiene asignado un monitor"
209,209,2,username_estudiante,"El usuario asociado al username 1127392 Ya tiene asignado un monitor"
210,210,2,username_estudiante,"El usuario asociado al username 1127392 Ya tiene asignado un monitor"
211,211,2,username_estudiante,"El usuario asociado al username 1127392 Ya tiene asignado un monitor"
212,212,2,username_estudiante,"No existe un usuario Ases asociado al username 1771510"
213,213,2,username_estudiante,"El usuario asociado al username 1127392 Ya tiene asignado un monitor"
214,214,2,username_estudiante,"El usuario asociado al username 1127392 Ya tiene asignado un monitor"
215,215,2,username_estudiante,"El usuario asociado al username 1127392 Ya tiene asignado un monitor"
216,216,2,username_estudiante,"El usuario asociado al username 1127392 Ya tiene asignado un monitor"
217,217,2,username_estudiante,"El usuario asociado al username 1127392 Ya tiene asignado un monitor"
218,218,2,username_estudiante,"El usuario asociado al username 1341027 Ya tiene asignado un monitor"
219,219,2,username_estudiante,"El usuario asociado al username 1341027 Ya tiene asignado un monitor"
220,220,2,username_estudiante,"El usuario asociado al username 1341027 Ya tiene asignado un monitor"
221,221,2,username_estudiante,"El usuario asociado al username 1341027 Ya tiene asignado un monitor"
222,222,2,username_estudiante,"El usuario asociado al username 1341027 Ya tiene asignado un monitor"
223,223,2,username_estudiante,"El usuario asociado al username 1341027 Ya tiene asignado un monitor"
224,224,2,username_estudiante,"El usuario asociado al username 1341027 Ya tiene asignado un monitor"
225,225,2,username_estudiante,"El usuario asociado al username 1341027 Ya tiene asignado un monitor"
226,226,2,username_estudiante,"El usuario asociado al username 1341027 Ya tiene asignado un monitor"
227,227,2,username_estudiante,"El usuario asociado al username 1341027 Ya tiene asignado un monitor"
228,228,2,username_estudiante,"El usuario asociado al username 1341027 Ya tiene asignado un monitor"
229,229,2,username_estudiante,"El usuario asociado al username 1325011 Ya tiene asignado un monitor"
230,230,2,username_estudiante,"El usuario asociado al username 1325011 Ya tiene asignado un monitor"
231,231,2,username_estudiante,"El usuario asociado al username 1325011 Ya tiene asignado un monitor"
232,232,2,username_estudiante,"El usuario asociado al username 1325011 Ya tiene asignado un monitor"
233,233,2,username_estudiante,"El usuario asociado al username 1325011 Ya tiene asignado un monitor"
234,234,2,username_estudiante,"El usuario asociado al username 1325011 Ya tiene asignado un monitor"
235,235,2,username_estudiante,"El usuario asociado al username 1325011 Ya tiene asignado un monitor"
236,236,2,username_estudiante,"El usuario asociado al username 1325011 Ya tiene asignado un monitor"
237,237,2,username_estudiante,"El usuario asociado al username 1325011 Ya tiene asignado un monitor"
238,238,2,username_estudiante,"El usuario asociado al username 1325011 Ya tiene asignado un monitor"
239,239,2,username_estudiante,"No existe un usuario Ases asociado al username 1722356"
240,240,2,username_estudiante,"El usuario asociado al username 1531184 Ya tiene asignado un monitor"
241,241,2,username_estudiante,"El usuario asociado al username 1531184 Ya tiene asignado un monitor"
242,242,2,username_estudiante,"El usuario asociado al username 1531184 Ya tiene asignado un monitor"
243,243,2,username_estudiante,"No existe un usuario Ases asociado al username 1771414"
244,244,2,username_estudiante,"El usuario asociado al username 1531184 Ya tiene asignado un monitor"
245,245,2,username_estudiante,"El usuario asociado al username 1531184 Ya tiene asignado un monitor"
246,246,2,username_estudiante,"El usuario asociado al username 1531184 Ya tiene asignado un monitor"
247,247,2,username_estudiante,"El usuario asociado al username 1531184 Ya tiene asignado un monitor"
248,248,2,username_estudiante,"El usuario asociado al username 1531184 Ya tiene asignado un monitor"
249,249,2,username_estudiante,"No existe un usuario Ases asociado al username 1729130"
250,250,2,username_estudiante,"El usuario asociado al username 1629009 Ya tiene asignado un monitor"
251,251,2,username_estudiante,"El usuario asociado al username 1629009 Ya tiene asignado un monitor"
252,252,2,username_estudiante,"El usuario asociado al username 1629009 Ya tiene asignado un monitor"
253,253,2,username_estudiante,"El usuario asociado al username 1629009 Ya tiene asignado un monitor"
254,254,2,username_estudiante,"No existe un usuario Ases asociado al username 1730908"
255,255,2,username_estudiante,"El usuario asociado al username 1629009 Ya tiene asignado un monitor"
256,256,2,username_estudiante,"El usuario asociado al username 1629009 Ya tiene asignado un monitor"
257,257,2,username_estudiante,"El usuario asociado al username 1629009 Ya tiene asignado un monitor"
258,258,2,username_estudiante,"El usuario asociado al username 1629009 Ya tiene asignado un monitor"
259,259,2,username_estudiante,"El usuario asociado al username 1629009 Ya tiene asignado un monitor"
260,260,2,username_estudiante,"El usuario asociado al username 1429175 Ya tiene asignado un monitor"
261,261,2,username_estudiante,"El usuario asociado al username 1429175 Ya tiene asignado un monitor"
262,262,2,username_estudiante,"El usuario asociado al username 1429175 Ya tiene asignado un monitor"
263,263,2,username_estudiante,"El usuario asociado al username 1429175 Ya tiene asignado un monitor"
264,264,2,username_estudiante,"El usuario asociado al username 1429175 Ya tiene asignado un monitor"
265,265,2,username_estudiante,"El usuario asociado al username 1429175 Ya tiene asignado un monitor"
266,266,2,username_estudiante,"El usuario asociado al username 1429175 Ya tiene asignado un monitor"
267,267,2,username_estudiante,"El usuario asociado al username 1429175 Ya tiene asignado un monitor"
268,268,2,username_estudiante,"El usuario asociado al username 1429175 Ya tiene asignado un monitor"
269,269,2,username_estudiante,"El usuario asociado al username 1429175 Ya tiene asignado un monitor"
270,270,2,username_estudiante,"El usuario asociado al username 1325791 Ya tiene asignado un monitor"
271,271,2,username_estudiante,"El usuario asociado al username 1325791 Ya tiene asignado un monitor"
272,272,2,username_estudiante,"El usuario asociado al username 1325791 Ya tiene asignado un monitor"
273,273,2,username_estudiante,"El usuario asociado al username 1325791 Ya tiene asignado un monitor"
274,274,2,username_estudiante,"El usuario asociado al username 1325791 Ya tiene asignado un monitor"
275,275,2,username_estudiante,"El usuario asociado al username 1325791 Ya tiene asignado un monitor"
276,276,2,username_estudiante,"El usuario asociado al username 1325791 Ya tiene asignado un monitor"
277,277,2,username_estudiante,"El usuario asociado al username 1325791 Ya tiene asignado un monitor"
278,278,2,username_estudiante,"El usuario asociado al username 1325791 Ya tiene asignado un monitor"
279,279,2,username_estudiante,"El usuario asociado al username 1226297 Ya tiene asignado un monitor"
280,280,2,username_estudiante,"El usuario asociado al username 1226297 Ya tiene asignado un monitor"
281,281,2,username_estudiante,"El usuario asociado al username 1226297 Ya tiene asignado un monitor"
282,282,2,username_estudiante,"El usuario asociado al username 1226297 Ya tiene asignado un monitor"
283,283,2,username_estudiante,"El usuario asociado al username 1226297 Ya tiene asignado un monitor"
284,284,2,username_estudiante,"El usuario asociado al username 1226297 Ya tiene asignado un monitor"
285,285,2,username_estudiante,"El usuario asociado al username 1226297 Ya tiene asignado un monitor"
286,286,2,username_estudiante,"El usuario asociado al username 1226297 Ya tiene asignado un monitor"
287,287,2,username_estudiante,"El usuario asociado al username 1226297 Ya tiene asignado un monitor"
288,288,2,username_estudiante,"El usuario asociado al username 1437617 Ya tiene asignado un monitor"
289,289,2,username_estudiante,"El usuario asociado al username 1437617 Ya tiene asignado un monitor"
290,290,2,username_estudiante,"El usuario asociado al username 1437617 Ya tiene asignado un monitor"
291,291,2,username_estudiante,"El usuario asociado al username 1437617 Ya tiene asignado un monitor"
292,292,2,username_estudiante,"El usuario asociado al username 1437617 Ya tiene asignado un monitor"
293,293,2,username_estudiante,"El usuario asociado al username 1437617 Ya tiene asignado un monitor"
294,294,2,username_estudiante,"El usuario asociado al username 1437617 Ya tiene asignado un monitor"
295,295,2,username_estudiante,"El usuario asociado al username 1437617 Ya tiene asignado un monitor"
296,296,2,username_estudiante,"El usuario asociado al username 1437617 Ya tiene asignado un monitor"
297,297,2,username_estudiante,"El usuario asociado al username 1437617 Ya tiene asignado un monitor"
298,298,2,username_estudiante,"El usuario asociado al username 1429639 Ya tiene asignado un monitor"
299,299,2,username_estudiante,"El usuario asociado al username 1429639 Ya tiene asignado un monitor"
300,300,2,username_estudiante,"El usuario asociado al username 1429639 Ya tiene asignado un monitor"
301,301,2,username_estudiante,"El usuario asociado al username 1429639 Ya tiene asignado un monitor"
302,302,2,username_estudiante,"El usuario asociado al username 1429639 Ya tiene asignado un monitor"
303,303,2,username_estudiante,"El usuario asociado al username 1429639 Ya tiene asignado un monitor"
304,304,2,username_estudiante,"El usuario asociado al username 1429639 Ya tiene asignado un monitor"
305,305,2,username_estudiante,"El usuario asociado al username 1429639 Ya tiene asignado un monitor"
306,306,2,username_estudiante,"El usuario asociado al username 1429639 Ya tiene asignado un monitor"
307,307,2,username_estudiante,"El usuario asociado al username 1429639 Ya tiene asignado un monitor"
308,308,2,username_estudiante,"El usuario asociado al username 1429639 Ya tiene asignado un monitor"
309,309,2,username_estudiante,"El usuario asociado al username 1425341 Ya tiene asignado un monitor"
310,310,2,username_estudiante,"El usuario asociado al username 1425341 Ya tiene asignado un monitor"
311,311,2,username_estudiante,"El usuario asociado al username 1425341 Ya tiene asignado un monitor"
312,312,2,username_estudiante,"El usuario asociado al username 1425341 Ya tiene asignado un monitor"
313,313,2,username_estudiante,"El usuario asociado al username 1425341 Ya tiene asignado un monitor"
314,314,2,username_estudiante,"El usuario asociado al username 1425341 Ya tiene asignado un monitor"
315,315,2,username_estudiante,"El usuario asociado al username 1425341 Ya tiene asignado un monitor"
316,316,2,username_estudiante,"El usuario asociado al username 1425341 Ya tiene asignado un monitor"
317,317,2,username_estudiante,"El usuario asociado al username 1425341 Ya tiene asignado un monitor"
318,318,2,username_estudiante,"El usuario asociado al username 1425341 Ya tiene asignado un monitor"
319,319,2,username_estudiante,"El usuario asociado al username 1145326 Ya tiene asignado un monitor"
320,320,2,username_estudiante,"El usuario asociado al username 1145326 Ya tiene asignado un monitor"
321,321,2,username_estudiante,"El usuario asociado al username 1145326 Ya tiene asignado un monitor"
322,322,2,username_estudiante,"El usuario asociado al username 1145326 Ya tiene asignado un monitor"
323,323,2,username_estudiante,"El usuario asociado al username 1145326 Ya tiene asignado un monitor"
324,324,2,username_estudiante,"El usuario asociado al username 1145326 Ya tiene asignado un monitor"
325,325,2,username_estudiante,"El usuario asociado al username 1145326 Ya tiene asignado un monitor"
326,326,2,username_estudiante,"El usuario asociado al username 1145326 Ya tiene asignado un monitor"
327,327,2,username_estudiante,"El usuario asociado al username 1145326 Ya tiene asignado un monitor"
328,328,2,username_estudiante,"El usuario asociado al username 1145326 Ya tiene asignado un monitor"
329,329,2,username_estudiante,"El usuario asociado al username 1145326 Ya tiene asignado un monitor"
330,330,2,username_estudiante,"El usuario asociado al username 1145326 Ya tiene asignado un monitor"
331,331,2,username_estudiante,"El usuario asociado al username 1430825 Ya tiene asignado un monitor"
332,332,2,username_estudiante,"El usuario asociado al username 1430825 Ya tiene asignado un monitor"
333,333,2,username_estudiante,"El usuario asociado al username 1430825 Ya tiene asignado un monitor"
334,334,2,username_estudiante,"El usuario asociado al username 1430825 Ya tiene asignado un monitor"
335,335,2,username_estudiante,"El usuario asociado al username 1430825 Ya tiene asignado un monitor"
336,336,2,username_estudiante,"El usuario asociado al username 1430825 Ya tiene asignado un monitor"
337,337,2,username_estudiante,"El usuario asociado al username 1430825 Ya tiene asignado un monitor"
338,338,2,username_estudiante,"El usuario asociado al username 1430825 Ya tiene asignado un monitor"
339,339,2,username_estudiante,"El usuario asociado al username 1430825 Ya tiene asignado un monitor"
340,340,2,username_estudiante,"El usuario asociado al username 1430825 Ya tiene asignado un monitor"
341,341,2,username_estudiante,"No existe un usuario Ases asociado al username 1723242"
342,342,2,username_estudiante,"No existe un usuario Ases asociado al username 1723256"
343,343,1,username_monitor,"No existe un usuario asociado al username 1329152"
344,344,1,username_monitor,"No existe un usuario asociado al username 1329152"
345,345,1,username_monitor,"No existe un usuario asociado al username 1329152"
346,346,1,username_monitor,"No existe un usuario asociado al username 1329152"
347,347,1,username_monitor,"No existe un usuario asociado al username 1329152"
348,348,2,username_estudiante,"No existe un usuario Ases asociado al username 1770754"
348,348,1,username_monitor,"No existe un usuario asociado al username 1329152"
349,349,1,username_monitor,"No existe un usuario asociado al username 1329152"
350,350,1,username_monitor,"No existe un usuario asociado al username 1329152"
351,351,1,username_monitor,"No existe un usuario asociado al username 1329152"
352,352,2,username_estudiante,"No existe un usuario Ases asociado al username 1770223"
353,353,2,username_estudiante,"El usuario asociado al username 1425637 Ya tiene asignado un monitor"
354,354,2,username_estudiante,"No existe un usuario Ases asociado al username 1734245"
355,355,2,username_estudiante,"El usuario asociado al username 1425637 Ya tiene asignado un monitor"
356,356,2,username_estudiante,"El usuario asociado al username 1425637 Ya tiene asignado un monitor"
357,357,2,username_estudiante,"El usuario asociado al username 1425637 Ya tiene asignado un monitor"
358,358,2,username_estudiante,"El usuario asociado al username 1425637 Ya tiene asignado un monitor"
359,359,2,username_estudiante,"El usuario asociado al username 1425637 Ya tiene asignado un monitor"
360,360,2,username_estudiante,"El usuario asociado al username 1425637 Ya tiene asignado un monitor"
361,361,2,username_estudiante,"El usuario asociado al username 1425637 Ya tiene asignado un monitor"
362,362,2,username_estudiante,"El usuario asociado al username 1628022 Ya tiene asignado un monitor"
363,363,2,username_estudiante,"No existe un usuario Ases asociado al username 1770020"
364,364,2,username_estudiante,"El usuario asociado al username 1628022 Ya tiene asignado un monitor"
365,365,2,username_estudiante,"El usuario asociado al username 1628022 Ya tiene asignado un monitor"
366,366,2,username_estudiante,"El usuario asociado al username 1628022 Ya tiene asignado un monitor"
367,367,2,username_estudiante,"El usuario asociado al username 1628022 Ya tiene asignado un monitor"
368,368,2,username_estudiante,"El usuario asociado al username 1628022 Ya tiene asignado un monitor"
369,369,2,username_estudiante,"El usuario asociado al username 1628022 Ya tiene asignado un monitor"
370,370,2,username_estudiante,"El usuario asociado al username 1628022 Ya tiene asignado un monitor"
371,371,2,username_estudiante,"El usuario asociado al username 1628022 Ya tiene asignado un monitor"
372,372,2,username_estudiante,"No existe un usuario Ases asociado al username 1723453"
373,373,2,username_estudiante,"No existe un usuario Ases asociado al username 1771436"
374,374,2,username_estudiante,"No existe un usuario Ases asociado al username 1770423"
375,375,2,username_estudiante,"El usuario asociado al username 1424563 Ya tiene asignado un monitor"
376,376,2,username_estudiante,"El usuario asociado al username 1424563 Ya tiene asignado un monitor"
377,377,2,username_estudiante,"El usuario asociado al username 1424563 Ya tiene asignado un monitor"
378,378,2,username_estudiante,"El usuario asociado al username 1424563 Ya tiene asignado un monitor"
379,379,2,username_estudiante,"El usuario asociado al username 1424563 Ya tiene asignado un monitor"
380,380,2,username_estudiante,"El usuario asociado al username 1424563 Ya tiene asignado un monitor"
381,381,2,username_estudiante,"El usuario asociado al username 1424563 Ya tiene asignado un monitor"
382,382,2,username_estudiante,"El usuario asociado al username 1424563 Ya tiene asignado un monitor"
383,383,2,username_estudiante,"El usuario asociado al username 1424563 Ya tiene asignado un monitor"
384,384,2,username_estudiante,"El usuario asociado al username 1424563 Ya tiene asignado un monitor"
385,385,2,username_estudiante,"No existe un usuario Ases asociado al username 1724872"
386,386,2,username_estudiante,"El usuario asociado al username 0934915 Ya tiene asignado un monitor"
387,387,2,username_estudiante,"El usuario asociado al username 0934915 Ya tiene asignado un monitor"
388,388,2,username_estudiante,"El usuario asociado al username 0934915 Ya tiene asignado un monitor"
389,389,2,username_estudiante,"El usuario asociado al username 0934915 Ya tiene asignado un monitor"
390,390,2,username_estudiante,"El usuario asociado al username 0934915 Ya tiene asignado un monitor"
391,391,2,username_estudiante,"El usuario asociado al username 0934915 Ya tiene asignado un monitor"
392,392,2,username_estudiante,"El usuario asociado al username 0934915 Ya tiene asignado un monitor"
393,393,2,username_estudiante,"El usuario asociado al username 0934915 Ya tiene asignado un monitor"
394,394,2,username_estudiante,"El usuario asociado al username 0934915 Ya tiene asignado un monitor"
395,395,2,username_estudiante,"El usuario asociado al username 0934915 Ya tiene asignado un monitor"
396,396,2,username_estudiante,"El usuario asociado al username 1424481 Ya tiene asignado un monitor"
397,397,2,username_estudiante,"El usuario asociado al username 1424481 Ya tiene asignado un monitor"
398,398,2,username_estudiante,"El usuario asociado al username 1424481 Ya tiene asignado un monitor"
399,399,2,username_estudiante,"El usuario asociado al username 1424481 Ya tiene asignado un monitor"
400,400,2,username_estudiante,"El usuario asociado al username 1424481 Ya tiene asignado un monitor"
401,401,2,username_estudiante,"No existe un usuario Ases asociado al username 1771227"
402,402,2,username_estudiante,"El usuario asociado al username 1424481 Ya tiene asignado un monitor"
403,403,2,username_estudiante,"El usuario asociado al username 1424481 Ya tiene asignado un monitor"
404,404,2,username_estudiante,"No existe un usuario Ases asociado al username 1731886"
405,405,2,username_estudiante,"El usuario asociado al username 1424481 Ya tiene asignado un monitor"
406,406,2,username_estudiante,"No existe un usuario Ases asociado al username 1722443"
407,407,2,username_estudiante,"El usuario asociado al username 1424900 Ya tiene asignado un monitor"
408,408,2,username_estudiante,"El usuario asociado al username 1424900 Ya tiene asignado un monitor"
409,409,2,username_estudiante,"El usuario asociado al username 1424900 Ya tiene asignado un monitor"
410,410,2,username_estudiante,"El usuario asociado al username 1424900 Ya tiene asignado un monitor"
411,411,2,username_estudiante,"No existe un usuario Ases asociado al username 1770431"
412,412,2,username_estudiante,"No existe un usuario Ases asociado al username 1770615"
413,413,2,username_estudiante,"El usuario asociado al username 1424900 Ya tiene asignado un monitor"
414,414,2,username_estudiante,"El usuario asociado al username 1424900 Ya tiene asignado un monitor"
415,415,2,username_estudiante,"No existe un usuario Ases asociado al username 1771002"
416,416,2,username_estudiante,"El usuario asociado al username 1424900 Ya tiene asignado un monitor"
417,417,2,username_estudiante,"No existe un usuario Ases asociado al username 1725028"
418,418,2,username_estudiante,"No existe un usuario Ases asociado al username 1725698"
419,419,2,username_estudiante,"El usuario asociado al username 1330661 Ya tiene asignado un monitor"
420,420,2,username_estudiante,"El usuario asociado al username 1330661 Ya tiene asignado un monitor"
421,421,2,username_estudiante,"El usuario asociado al username 1330661 Ya tiene asignado un monitor"
422,422,2,username_estudiante,"El usuario asociado al username 1330661 Ya tiene asignado un monitor"
423,423,2,username_estudiante,"El usuario asociado al username 1330661 Ya tiene asignado un monitor"
424,424,2,username_estudiante,"El usuario asociado al username 1330661 Ya tiene asignado un monitor"
425,425,2,username_estudiante,"El usuario asociado al username 1330661 Ya tiene asignado un monitor"
426,426,2,username_estudiante,"El usuario asociado al username 1330661 Ya tiene asignado un monitor"
427,427,2,username_estudiante,"El usuario asociado al username 1330661 Ya tiene asignado un monitor"
428,428,2,username_estudiante,"El usuario asociado al username 1330661 Ya tiene asignado un monitor"
429,429,2,username_estudiante,"El usuario asociado al username 1326788 Ya tiene asignado un monitor"
430,430,2,username_estudiante,"El usuario asociado al username 1326788 Ya tiene asignado un monitor"
431,431,2,username_estudiante,"El usuario asociado al username 1326788 Ya tiene asignado un monitor"
432,432,2,username_estudiante,"El usuario asociado al username 1326788 Ya tiene asignado un monitor"
433,433,2,username_estudiante,"El usuario asociado al username 1326788 Ya tiene asignado un monitor"
434,434,2,username_estudiante,"El usuario asociado al username 1326788 Ya tiene asignado un monitor"
435,435,2,username_estudiante,"El usuario asociado al username 1326788 Ya tiene asignado un monitor"
436,436,2,username_estudiante,"El usuario asociado al username 1326788 Ya tiene asignado un monitor"
437,437,2,username_estudiante,"El usuario asociado al username 1326788 Ya tiene asignado un monitor"
438,438,2,username_estudiante,"El usuario asociado al username 1326788 Ya tiene asignado un monitor"
439,439,2,username_estudiante,"El usuario asociado al username 1326788 Ya tiene asignado un monitor"
440,440,2,username_estudiante,"El usuario asociado al username 1241278 Ya tiene asignado un monitor"
441,441,2,username_estudiante,"El usuario asociado al username 1241278 Ya tiene asignado un monitor"
442,442,2,username_estudiante,"El usuario asociado al username 1241278 Ya tiene asignado un monitor"
443,443,2,username_estudiante,"El usuario asociado al username 1241278 Ya tiene asignado un monitor"
444,444,2,username_estudiante,"El usuario asociado al username 1241278 Ya tiene asignado un monitor"
445,445,2,username_estudiante,"El usuario asociado al username 1241278 Ya tiene asignado un monitor"
446,446,2,username_estudiante,"El usuario asociado al username 1241278 Ya tiene asignado un monitor"
447,447,2,username_estudiante,"El usuario asociado al username 1241278 Ya tiene asignado un monitor"
448,448,2,username_estudiante,"El usuario asociado al username 1241278 Ya tiene asignado un monitor"
449,449,2,username_estudiante,"El usuario asociado al username 1630007 Ya tiene asignado un monitor"
450,450,2,username_estudiante,"El usuario asociado al username 1630007 Ya tiene asignado un monitor"
451,451,2,username_estudiante,"El usuario asociado al username 1630007 Ya tiene asignado un monitor"
452,452,2,username_estudiante,"El usuario asociado al username 1630007 Ya tiene asignado un monitor"
453,453,2,username_estudiante,"El usuario asociado al username 1630007 Ya tiene asignado un monitor"
454,454,2,username_estudiante,"El usuario asociado al username 1630007 Ya tiene asignado un monitor"
455,455,2,username_estudiante,"El usuario asociado al username 1630007 Ya tiene asignado un monitor"
456,456,2,username_estudiante,"El usuario asociado al username 1630007 Ya tiene asignado un monitor"
457,457,2,username_estudiante,"El usuario asociado al username 1630007 Ya tiene asignado un monitor"
458,458,2,username_estudiante,"El usuario asociado al username 1630007 Ya tiene asignado un monitor"
459,459,2,username_estudiante,"El usuario asociado al username 1630007 Ya tiene asignado un monitor"
460,460,2,username_estudiante,"El usuario asociado al username 1131739 Ya tiene asignado un monitor"
461,461,2,username_estudiante,"El usuario asociado al username 1131739 Ya tiene asignado un monitor"
462,462,2,username_estudiante,"El usuario asociado al username 1131739 Ya tiene asignado un monitor"
463,463,2,username_estudiante,"El usuario asociado al username 1131739 Ya tiene asignado un monitor"
464,464,2,username_estudiante,"El usuario asociado al username 1131739 Ya tiene asignado un monitor"
465,465,2,username_estudiante,"El usuario asociado al username 1131739 Ya tiene asignado un monitor"
466,466,2,username_estudiante,"El usuario asociado al username 1131739 Ya tiene asignado un monitor"
467,467,2,username_estudiante,"El usuario asociado al username 1131739 Ya tiene asignado un monitor"
468,468,2,username_estudiante,"El usuario asociado al username 1131739 Ya tiene asignado un monitor"
469,469,2,username_estudiante,"El usuario asociado al username 1131739 Ya tiene asignado un monitor"
470,470,2,username_estudiante,"El usuario asociado al username 1131739 Ya tiene asignado un monitor"
471,471,2,username_estudiante,"El usuario asociado al username 1331323 Ya tiene asignado un monitor"
472,472,2,username_estudiante,"El usuario asociado al username 1331323 Ya tiene asignado un monitor"
473,473,2,username_estudiante,"El usuario asociado al username 1331323 Ya tiene asignado un monitor"
474,474,2,username_estudiante,"El usuario asociado al username 1331323 Ya tiene asignado un monitor"
475,475,2,username_estudiante,"El usuario asociado al username 1331323 Ya tiene asignado un monitor"
476,476,2,username_estudiante,"El usuario asociado al username 1331323 Ya tiene asignado un monitor"
477,477,2,username_estudiante,"El usuario asociado al username 1331323 Ya tiene asignado un monitor"
478,478,2,username_estudiante,"El usuario asociado al username 1331323 Ya tiene asignado un monitor"
479,479,2,username_estudiante,"El usuario asociado al username 1331323 Ya tiene asignado un monitor"
480,480,2,username_estudiante,"El usuario asociado al username 1331323 Ya tiene asignado un monitor"
481,481,2,username_estudiante,"El usuario asociado al username 1331323 Ya tiene asignado un monitor"
482,482,2,username_estudiante,"El usuario asociado al username 1422551 Ya tiene asignado un monitor"
483,483,2,username_estudiante,"El usuario asociado al username 1422551 Ya tiene asignado un monitor"
484,484,2,username_estudiante,"El usuario asociado al username 1422551 Ya tiene asignado un monitor"
485,485,2,username_estudiante,"El usuario asociado al username 1422551 Ya tiene asignado un monitor"
486,486,2,username_estudiante,"El usuario asociado al username 1422551 Ya tiene asignado un monitor"
487,487,2,username_estudiante,"El usuario asociado al username 1422551 Ya tiene asignado un monitor"
488,488,2,username_estudiante,"El usuario asociado al username 1422551 Ya tiene asignado un monitor"
489,489,2,username_estudiante,"El usuario asociado al username 1422551 Ya tiene asignado un monitor"
490,490,2,username_estudiante,"El usuario asociado al username 1422551 Ya tiene asignado un monitor"
491,491,2,username_estudiante,"El usuario asociado al username 1422551 Ya tiene asignado un monitor"
492,492,2,username_estudiante,"El usuario asociado al username 1422551 Ya tiene asignado un monitor"
493,493,2,username_estudiante,"El usuario asociado al username 1423026 Ya tiene asignado un monitor"
494,494,2,username_estudiante,"El usuario asociado al username 1423026 Ya tiene asignado un monitor"
495,495,2,username_estudiante,"El usuario asociado al username 1423026 Ya tiene asignado un monitor"
496,496,2,username_estudiante,"El usuario asociado al username 1423026 Ya tiene asignado un monitor"
497,497,2,username_estudiante,"El usuario asociado al username 1423026 Ya tiene asignado un monitor"
498,498,2,username_estudiante,"El usuario asociado al username 1423026 Ya tiene asignado un monitor"
499,499,2,username_estudiante,"El usuario asociado al username 1423026 Ya tiene asignado un monitor"
500,500,2,username_estudiante,"El usuario asociado al username 1423026 Ya tiene asignado un monitor"
501,501,2,username_estudiante,"No existe un usuario Ases asociado al username 1629879"
502,502,2,username_estudiante,"El usuario asociado al username 1423026 Ya tiene asignado un monitor"
503,503,2,username_estudiante,"El usuario asociado al username 1427328 Ya tiene asignado un monitor"
504,504,2,username_estudiante,"El usuario asociado al username 1427328 Ya tiene asignado un monitor"
505,505,2,username_estudiante,"No existe un usuario Ases asociado al username 1722277"
506,506,2,username_estudiante,"No existe un usuario Ases asociado al username 1770259"
507,507,2,username_estudiante,"El usuario asociado al username 1427328 Ya tiene asignado un monitor"
508,508,2,username_estudiante,"No existe un usuario Ases asociado al username 1726100"
509,509,2,username_estudiante,"El usuario asociado al username 1427328 Ya tiene asignado un monitor"
510,510,2,username_estudiante,"El usuario asociado al username 1427328 Ya tiene asignado un monitor"
511,511,2,username_estudiante,"El usuario asociado al username 1427328 Ya tiene asignado un monitor"
512,512,2,username_estudiante,"No existe un usuario Ases asociado al username 1726324"
513,513,2,username_estudiante,"No existe un usuario Ases asociado al username 1726617"
514,514,2,username_estudiante,"No existe un usuario Ases asociado al username 1728031"
515,515,2,username_estudiante,"No existe un usuario Ases asociado al username 1729060"
516,516,2,username_estudiante,"El usuario asociado al username 1427328 Ya tiene asignado un monitor"
517,517,2,username_estudiante,"El usuario asociado al username 1450058 Ya tiene asignado un monitor"
518,518,2,username_estudiante,"El usuario asociado al username 1450058 Ya tiene asignado un monitor"
519,519,2,username_estudiante,"El usuario asociado al username 1450058 Ya tiene asignado un monitor"
520,520,2,username_estudiante,"No existe un usuario Ases asociado al username 1755879"
521,521,2,username_estudiante,"El usuario asociado al username 1450058 Ya tiene asignado un monitor"
522,522,2,username_estudiante,"No existe un usuario Ases asociado al username 1623716"
523,523,2,username_estudiante,"El usuario asociado al username 1328721 Ya tiene asignado un monitor"
524,524,2,username_estudiante,"El usuario asociado al username 1328721 Ya tiene asignado un monitor"
525,525,2,username_estudiante,"El usuario asociado al username 1328721 Ya tiene asignado un monitor"
526,526,2,username_estudiante,"El usuario asociado al username 1328721 Ya tiene asignado un monitor"
527,527,2,username_estudiante,"El usuario asociado al username 1328721 Ya tiene asignado un monitor"
528,528,2,username_estudiante,"El usuario asociado al username 1328721 Ya tiene asignado un monitor"
529,529,2,username_estudiante,"El usuario asociado al username 1328721 Ya tiene asignado un monitor"
530,530,2,username_estudiante,"El usuario asociado al username 1428679 Ya tiene asignado un monitor"
531,531,2,username_estudiante,"El usuario asociado al username 1428679 Ya tiene asignado un monitor"
532,532,2,username_estudiante,"El usuario asociado al username 1428679 Ya tiene asignado un monitor"
533,533,2,username_estudiante,"El usuario asociado al username 1428679 Ya tiene asignado un monitor"
534,534,2,username_estudiante,"El usuario asociado al username 1428679 Ya tiene asignado un monitor"
535,535,2,username_estudiante,"El usuario asociado al username 1428679 Ya tiene asignado un monitor"
536,536,2,username_estudiante,"El usuario asociado al username 1510075 Ya tiene asignado un monitor"
537,537,2,username_estudiante,"El usuario asociado al username 1510075 Ya tiene asignado un monitor"
538,538,2,username_estudiante,"No existe un usuario Ases asociado al username 1722310"
539,539,2,username_estudiante,"El usuario asociado al username 1510075 Ya tiene asignado un monitor"
540,540,2,username_estudiante,"El usuario asociado al username 1510075 Ya tiene asignado un monitor"
541,541,2,username_estudiante,"El usuario asociado al username 1510075 Ya tiene asignado un monitor"
542,542,2,username_estudiante,"El usuario asociado al username 1510075 Ya tiene asignado un monitor"
543,543,2,username_estudiante,"El usuario asociado al username 1510075 Ya tiene asignado un monitor"
544,544,2,username_estudiante,"El usuario asociado al username 1510075 Ya tiene asignado un monitor"
545,545,2,username_estudiante,"El usuario asociado al username 1423014 Ya tiene asignado un monitor"
546,546,2,username_estudiante,"El usuario asociado al username 1423014 Ya tiene asignado un monitor"
547,547,2,username_estudiante,"El usuario asociado al username 1423014 Ya tiene asignado un monitor"
548,548,2,username_estudiante,"No existe un usuario Ases asociado al username 9999990"
549,549,2,username_estudiante,"El usuario asociado al username 1423014 Ya tiene asignado un monitor"
550,550,2,username_estudiante,"El usuario asociado al username 1423014 Ya tiene asignado un monitor"
551,551,2,username_estudiante,"El usuario asociado al username 1423014 Ya tiene asignado un monitor"
552,552,2,username_estudiante,"El usuario asociado al username 1423014 Ya tiene asignado un monitor"
553,553,2,username_estudiante,"El usuario asociado al username 1437410 Ya tiene asignado un monitor"
554,554,2,username_estudiante,"El usuario asociado al username 1437410 Ya tiene asignado un monitor"
555,555,2,username_estudiante,"El usuario asociado al username 1437410 Ya tiene asignado un monitor"
556,556,2,username_estudiante,"El usuario asociado al username 1437410 Ya tiene asignado un monitor"
557,557,2,username_estudiante,"El usuario asociado al username 1437410 Ya tiene asignado un monitor"
558,558,2,username_estudiante,"El usuario asociado al username 1437410 Ya tiene asignado un monitor"
559,559,2,username_estudiante,"El usuario asociado al username 1437410 Ya tiene asignado un monitor"
560,560,2,username_estudiante,"El usuario asociado al username 1437410 Ya tiene asignado un monitor"
561,561,2,username_estudiante,"El usuario asociado al username 1437410 Ya tiene asignado un monitor"
562,562,2,username_estudiante,"El usuario asociado al username 1534559 Ya tiene asignado un monitor"
563,563,2,username_estudiante,"No existe un usuario Ases asociado al username 1646507"
564,564,2,username_estudiante,"El usuario asociado al username 1534559 Ya tiene asignado un monitor"
565,565,2,username_estudiante,"El usuario asociado al username 1534559 Ya tiene asignado un monitor"
566,566,2,username_estudiante,"El usuario asociado al username 1534559 Ya tiene asignado un monitor"
567,567,2,username_estudiante,"El usuario asociado al username 1534559 Ya tiene asignado un monitor"
568,568,2,username_estudiante,"El usuario asociado al username 1534559 Ya tiene asignado un monitor"
569,569,2,username_estudiante,"El usuario asociado al username 1534559 Ya tiene asignado un monitor"
570,570,2,username_estudiante,"El usuario asociado al username 1534559 Ya tiene asignado un monitor"
571,571,2,username_estudiante,"El usuario asociado al username 1526191 Ya tiene asignado un monitor"
572,572,2,username_estudiante,"El usuario asociado al username 1526191 Ya tiene asignado un monitor"
573,573,2,username_estudiante,"El usuario asociado al username 1526191 Ya tiene asignado un monitor"
574,574,2,username_estudiante,"El usuario asociado al username 1526191 Ya tiene asignado un monitor"
575,575,2,username_estudiante,"El usuario asociado al username 1526191 Ya tiene asignado un monitor"
576,576,2,username_estudiante,"El usuario asociado al username 1526191 Ya tiene asignado un monitor"
577,577,2,username_estudiante,"No existe un usuario Ases asociado al username 1723087"
578,578,2,username_estudiante,"El usuario asociado al username 1526191 Ya tiene asignado un monitor"
579,579,2,username_estudiante,"No existe un usuario Ases asociado al username 1729825"
580,580,1,username_monitor,"El usuario asociado al username 1441691 no tiene asignado el rol monitor"
581,581,1,username_monitor,"El usuario asociado al username 1441691 no tiene asignado el rol monitor"
582,582,1,username_monitor,"El usuario asociado al username 1441691 no tiene asignado el rol monitor"
583,583,1,username_monitor,"El usuario asociado al username 1441691 no tiene asignado el rol monitor"
584,584,1,username_monitor,"El usuario asociado al username 1441691 no tiene asignado el rol monitor"
585,585,1,username_monitor,"El usuario asociado al username 1441691 no tiene asignado el rol monitor"
586,586,1,username_monitor,"El usuario asociado al username 1441691 no tiene asignado el rol monitor"
587,587,1,username_monitor,"El usuario asociado al username 1441691 no tiene asignado el rol monitor"
588,588,1,username_monitor,"El usuario asociado al username 1441691 no tiene asignado el rol monitor"
589,589,2,username_estudiante,"El usuario asociado al username 1423505 Ya tiene asignado un monitor"
590,590,2,username_estudiante,"El usuario asociado al username 1423505 Ya tiene asignado un monitor"
591,591,2,username_estudiante,"El usuario asociado al username 1423505 Ya tiene asignado un monitor"
592,592,2,username_estudiante,"El usuario asociado al username 1423505 Ya tiene asignado un monitor"
593,593,2,username_estudiante,"El usuario asociado al username 1423505 Ya tiene asignado un monitor"
594,594,2,username_estudiante,"El usuario asociado al username 1423505 Ya tiene asignado un monitor"
595,595,2,username_estudiante,"El usuario asociado al username 1423505 Ya tiene asignado un monitor"
596,596,2,username_estudiante,"El usuario asociado al username 1423505 Ya tiene asignado un monitor"
597,597,2,username_estudiante,"El usuario asociado al username 1423505 Ya tiene asignado un monitor"
598,598,2,username_estudiante,"El usuario asociado al username 1423505 Ya tiene asignado un monitor"
599,599,1,username_monitor,"El usuario asociado al username 1429605 no tiene asignado el rol monitor"
600,600,1,username_monitor,"El usuario asociado al username 1429605 no tiene asignado el rol monitor"
601,601,1,username_monitor,"El usuario asociado al username 1429605 no tiene asignado el rol monitor"
602,602,1,username_monitor,"El usuario asociado al username 1429605 no tiene asignado el rol monitor"
603,603,1,username_monitor,"El usuario asociado al username 1429605 no tiene asignado el rol monitor"
604,604,1,username_monitor,"El usuario asociado al username 1429605 no tiene asignado el rol monitor"
605,605,1,username_monitor,"El usuario asociado al username 1429605 no tiene asignado el rol monitor"
606,606,1,username_monitor,"El usuario asociado al username 1429605 no tiene asignado el rol monitor"
607,607,2,username_estudiante,"El usuario asociado al username 1224609 Ya tiene asignado un monitor"
608,608,2,username_estudiante,"El usuario asociado al username 1224609 Ya tiene asignado un monitor"
609,609,2,username_estudiante,"El usuario asociado al username 1224609 Ya tiene asignado un monitor"
610,610,2,username_estudiante,"No existe un usuario Ases asociado al username 9999999"
611,611,2,username_estudiante,"No existe un usuario Ases asociado al username 1770548"
612,612,2,username_estudiante,"El usuario asociado al username 1224609 Ya tiene asignado un monitor"
613,613,2,username_estudiante,"El usuario asociado al username 1224609 Ya tiene asignado un monitor"
614,614,2,username_estudiante,"El usuario asociado al username 1224609 Ya tiene asignado un monitor"
615,615,2,username_estudiante,"El usuario asociado al username 1224609 Ya tiene asignado un monitor"
616,616,2,username_estudiante,"El usuario asociado al username 1424564 Ya tiene asignado un monitor"
617,617,2,username_estudiante,"El usuario asociado al username 1424564 Ya tiene asignado un monitor"
618,618,2,username_estudiante,"El usuario asociado al username 1424564 Ya tiene asignado un monitor"
619,619,2,username_estudiante,"El usuario asociado al username 1424564 Ya tiene asignado un monitor"
620,620,2,username_estudiante,"El usuario asociado al username 1424564 Ya tiene asignado un monitor"
621,621,2,username_estudiante,"El usuario asociado al username 1424564 Ya tiene asignado un monitor"
622,622,2,username_estudiante,"El usuario asociado al username 1424564 Ya tiene asignado un monitor"
623,623,2,username_estudiante,"El usuario asociado al username 1424564 Ya tiene asignado un monitor"
624,624,2,username_estudiante,"El usuario asociado al username 1424564 Ya tiene asignado un monitor"
625,625,2,username_estudiante,"El usuario asociado al username 1424564 Ya tiene asignado un monitor"
626,626,2,username_estudiante,"El usuario asociado al username 1326937 Ya tiene asignado un monitor"
627,627,2,username_estudiante,"No existe un usuario Ases asociado al username 1733929"
628,628,2,username_estudiante,"No existe un usuario Ases asociado al username 999999"
629,629,2,username_estudiante,"El usuario asociado al username 1326937 Ya tiene asignado un monitor"
630,630,2,username_estudiante,"El usuario asociado al username 1326937 Ya tiene asignado un monitor"
631,631,2,username_estudiante,"El usuario asociado al username 1326937 Ya tiene asignado un monitor"
632,632,2,username_estudiante,"El usuario asociado al username 1326937 Ya tiene asignado un monitor"
633,633,2,username_estudiante,"El usuario asociado al username 1326937 Ya tiene asignado un monitor"
634,634,2,username_estudiante,"El usuario asociado al username 1326937 Ya tiene asignado un monitor"
635,635,2,username_estudiante,"El usuario asociado al username 1326937 Ya tiene asignado un monitor"
636,636,2,username_estudiante,"El usuario asociado al username 1338155 Ya tiene asignado un monitor"
637,637,2,username_estudiante,"El usuario asociado al username 1338155 Ya tiene asignado un monitor"
638,638,2,username_estudiante,"El usuario asociado al username 1338155 Ya tiene asignado un monitor"
639,639,2,username_estudiante,"El usuario asociado al username 1338155 Ya tiene asignado un monitor"
640,640,2,username_estudiante,"El usuario asociado al username 1338155 Ya tiene asignado un monitor"
641,641,2,username_estudiante,"El usuario asociado al username 1338155 Ya tiene asignado un monitor"
642,642,2,username_estudiante,"El usuario asociado al username 1338155 Ya tiene asignado un monitor"
643,643,2,username_estudiante,"El usuario asociado al username 1338155 Ya tiene asignado un monitor"
644,644,2,username_estudiante,"El usuario asociado al username 1338155 Ya tiene asignado un monitor"
645,645,2,username_estudiante,"El usuario asociado al username 1338155 Ya tiene asignado un monitor"
646,646,2,username_estudiante,"El usuario asociado al username 1236773 Ya tiene asignado un monitor"
647,647,2,username_estudiante,"El usuario asociado al username 1236773 Ya tiene asignado un monitor"
648,648,2,username_estudiante,"El usuario asociado al username 1236773 Ya tiene asignado un monitor"
649,649,2,username_estudiante,"El usuario asociado al username 1236773 Ya tiene asignado un monitor"
656,650,2,username_estudiante,"No existe un usuario Ases asociado al username 9999999"
658,651,2,username_estudiante,"El usuario asociado al username 1432923 Ya tiene asignado un monitor"
662,652,2,username_estudiante,"El usuario asociado al username 1331495 Ya tiene asignado un monitor"
663,653,2,username_estudiante,"No existe un usuario Ases asociado al username 9999995"
665,654,2,username_estudiante,"No existe un usuario Ases asociado al username 1731099"
669,655,2,username_estudiante,"El usuario asociado al username 1236773 Ya tiene asignado un monitor"
688,656,2,username_estudiante,"No existe un usuario Ases asociado al username 1771246"
691,657,2,username_estudiante,"No existe un usuario Ases asociado al username 1623067"
727,658,2,username_estudiante,"El usuario asociado al username 1531184 Ya tiene asignado un monitor"
728,659,2,username_estudiante,"No existe un usuario Ases asociado al username 1771041"
729,660,2,username_estudiante,"No existe un usuario Ases asociado al username 1770359"
730,661,2,username_estudiante,"No existe un usuario Ases asociado al username 1770097"
731,662,2,username_estudiante,"No existe un usuario Ases asociado al username 1724812"
732,663,2,username_estudiante,"No existe un usuario Ases asociado al username 1771070"
735,664,2,username_estudiante,"El usuario asociado al username 1437209 Ya tiene asignado un monitor"
757,665,2,username_estudiante,"No existe un usuario Ases asociado al username 1643379"
758,666,2,username_estudiante,"No existe un usuario Ases asociado al username 1645277"
