﻿"No. linea - archivo original","No. linea - archivo registros erroneos","No. columna","Nombre Columna","detalle error"
2,2,2,username,"No existe un usuario asociado al username"
2,2,4,hora_ini,"El campo no debe ser nulo y debe tener el formato HH:MM"
2,2,8,tipo,"El campo No puede ser vacio y debe corresponder a untipo válido (PARES, GRUPAL)"
2,2,13,familiar_riesgo,"El campo debe ser ser un valor numérico"
2,2,15,academico_riesgo,"El campo debe ser ser un valor numérico"
2,2,17,economico_riesgo,"El campo debe ser ser un valor numérico"
3,3,2,username,"No existe un usuario asociado al username"
3,3,4,hora_ini,"El campo no debe ser nulo y debe tener el formato HH:MM"
3,3,8,tipo,"El campo No puede ser vacio y debe corresponder a untipo válido (PARES, GRUPAL)"
3,3,13,familiar_riesgo,"El campo debe ser ser un valor numérico"
3,3,15,academico_riesgo,"El campo debe ser ser un valor numérico"
3,3,17,economico_riesgo,"El campo debe ser ser un valor numérico"
3,3,13,individual_riesgo,"El campo debe ser ser un valor numérico"
