seguimientoid,username
17139,1673847
17140,1673508
17141,1673526
17142,1673192
17143,1535189
2502,1726066
2503,1729177
2504,1673313
17147,1727052
17148,1727052
17149,1673808
17150,1725934
17151,1729907
17152,1729907
17153,1729322
17154,1729322
17155,1674549
17156,1632215
17157,1674411
17158,1670286
17159,1727649
2518,1673612
17161,1673250
17162,1674014
17163,1734433
17164,1674175
17165,1673876
17166,1732843
2525,1673485
17168,1725598
2527,1727962
17170,1722732
17171,1736878
17172,1673088
17173,1673088
17174,1770167
17175,1726431
17176,1726431
17177,1726292
17178,1735235
17179,1725886
17180,1725435
17181,1735582
17182,1735582
17183,1735386
17184,1723609
17185,1730218
17186,1524703
17187,1730169
17188,1523052
17189,1674359
17190,1674359
17753,1770580
17753,1673477
17192,1673477
2551,1726720
17194,1624704
2553,1630340
17196,1726720
2555,1734433
17198,1770802
17199,1770802
17200,1624793
17201,1624793
17202,1674211
17203,1674211
17204,1670303
17205,1623142
17206,1674138
17207,1729849
17208,1770105
17209,1674470
17210,1734559
17211,1734559
17212,1734559
17213,1535189
17214,1730343
17215,1731243
17216,1674764
17217,1734433
17218,1671165
17219,1735343
17220,1734427
17221,1729849
17813,1770802
17516,1771477
2582,1723147
17225,1674175
17226,1624892
17227,1673713
17228,1735743
17229,1770304
17230,1770304
17231,1770020
17232,1674501
17233,1674501
17234,1730053
17235,1730957
17236,1735614
17237,1623032
2850,1670778
17239,1674361
17330,1673006
17525,1725403
18414,1729711
17474,1670639
17476,1670639
17245,1771477
17246,1623032
17247,1731022
17248,1770580
17249,1726066
17353,1632607
17250,1726755
17251,1673313
17319,1730327
17253,1624894
17254,1673857
17255,1673857
17256,1522167
17257,1673808
17258,1725934
17259,1723504
17260,1729907
17261,1670572
17262,1726720
17263,1624704
17264,1674467
17265,1674467
17266,1630340
17267,1732843
17268,1674467
17269,1674467
17270,1723609
17271,1670120
2631,1726720
17273,1630340
17480,1726292
2634,1734767
17276,1734767
17277,1735235
17278,1630340
17279,1722732
17280,1628341
17281,1735386
17282,1735614
17283,1624704
17284,1623032
17285,1725598
17286,1725435
17287,1734213
17288,1734767
17289,1725886
17290,1735582
17291,1734213
2811,1725921
2811,1730105
2811,1725884
17463,1725921
17463,1730105
17463,1725884
17294,1674538
17295,1674296
17296,1674538
17297,1735743
17298,1674296
17299,1673772
17300,1673555
17301,1674014
17302,1673250
17303,1529748
17304,1674112
17305,1729460
17306,1673230
17307,1673822
17308,1735334
17309,1736586
17310,1736586
17311,1723321
17312,1670015
17313,1734695
17314,1734695
17315,1724119
17316,1727872
17317,1730903
17501,1731921
17553,1733132
17320,1730105
17915,1725884
17322,1725921
17323,1674178
17996,1734831
17954,1735711
17327,1623270
17328,1735872
#N/A,1735872
17329,1733230
18347,1673374
18329,1726520
17332,1623209
#N/A,1723147
17334,1723147
2695,1724119
17336,1629879
17337,1727872
17338,1770223
17339,1730903
#N/A,1730903
17340,1770223
17341,1731921
2703,1770223
17343,1725352
17344,1770196
17345,1733132
17346,1770196
17347,1733753
17348,1770196
#N/A,1735872
17514,1735872
17351,1770196
17352,1735711
17423,1733230
17355,1734245
17356,1734245
17357,1722487
17358,1723562
17359,1722487
17360,1724739
17361,1673847
17362,1624979
17363,1726385
17364,1674411
17365,1726385
17366,1728180
17367,1728180
17368,1673192
17369,1727649
17370,1734163
17371,1734163
17372,1673508
2734,1734163
17374,1632215
17375,1674358
17376,1670020
18128,1674358
17378,1674582
17379,1629445
17380,1623547
17381,1674003
17382,1674478
17383,1770034
17384,1733753
17385,1674452
17386,1734134
17387,1673876
17388,1734775
17389,1734775
2751,1674632
17391,1736586
17392,1673363
17393,1734874
17394,1670015
17395,1673485
17396,1734695
17397,1732801
17398,1736878
17399,1770167
17400,1726431
17401,1770900
17402,1770900
17403,1727707
17404,1729605
17405,1726997
17406,1726997
17407,1726997
17408,1726997
17409,1729605
17410,1673490
17411,1727962
17412,1729605
17413,1673332
17414,1729322
17415,1673499
17416,1727671
17417,1724705
17418,1673499
17419,1673920
17420,1727875
17421,1733666
17333,1630153
17422,1670080
17191,1670326
17470,1725813
17331,1725792
17425,1670039
18048,1724749
17427,1670766
18045,1724674
17318,1674427
17350,1670197
17349,1632741
17325,1674751
17433,1770802
17434,1771477
17435,1736586
17436,1670572
17437,1729849
17438,1723562
17439,1670509
17440,1525225
17441,1770754
17442,1770105
17443,1730472
17444,1670133
17445,1673713
17524,1524703
17446,1770802
17447,1730218
17448,1723321
2931,1730197
17450,1730472
17451,1630350
17452,1725352
17453,1623270
17454,1725203
17455,1730169
17456,1673103
17457,1523052
17458,1674359
17459,1673313
17460,1673808
17461,1725934
17462,1726066
17354,1770056
17464,1623129
17238,1770178
18127,1624714
2878,1674217
17468,1726520
17469,1673853
17240,1770178
17241,1770178
17472,1730105
17473,1670807
17242,1725750
17242,1725928
17242,1727871
17242,1729048
17242,1770789
17242,1770792
17475,1670326
17377,1770056
17478,1522158
17479,1631970
18052,1771337
2843,1730804
17482,1734831
17483,1734427
2846,1735343
2847,1730804
2848,1735343
2849,1735343
17943,1733130
17489,1730169
2852,1730804
17491,1725884
17492,1730804
17493,1730804
17494,1730524
2857,1727762
17496,1725921
17497,1674550
17498,1673784
17499,1727762
17500,1523982
17471,1730981
17471,1674579
2864,1770444
2865,1770491
17504,1770491
17505,1522897
17506,1770491
17507,1730981
17508,1523320
17509,1770491
17510,1724684
17511,1724684
17512,1724684
17513,1670641
17517,1523320
17518,1523320
17519,1523320
17520,1722443
17521,1731097
17522,1734677
17523,1732154
17222,1770008
17222,1771456
#N/A,2
#N/A,0
#N/A,1
#N/A,6
#N/A,7
#N/A,3
#N/A,9
#N/A,5
#N/A,5
#N/A,
#N/A,M
#N/A,A
#N/A,R
#N/A,I
#N/A,A
#N/A,
#N/A,T
#N/A,E
#N/A,R
#N/A,E
#N/A,S
#N/A,A
#N/A,
#N/A,H
#N/A,E
#N/A,R
#N/A,N
#N/A,A
#N/A,N
#N/A,D
#N/A,E
#N/A,Z
#N/A,
#N/A,C
#N/A,U
#N/A,A
#N/A,S
#N/A,M
#N/A,A
#N/A,Y
#N/A,A
#N/A,N
17526,1734677
17527,1734819
17528,1673676
17529,1734819
17530,1727052
17531,1673146
17532,1734819
17533,1727052
17534,1731018
17535,1731018
17536,1734701
17537,1729177
17538,1730404
17539,1729177
17540,1730404
17541,1734701
17542,1729019
17543,1729019
17544,1730404
17545,1723127
2909,1723127
17547,1735429
17548,1736088
17549,1735429
17550,1729695
17551,1729695
17552,1729695
2917,1725404
2918,1674178
2919,1673313
2920,1732154
2921,1673374
2922,1673808
2923,1729177
2924,1770491
2925,1727052
2926,1630340
2927,1630340
2928,1724684
2929,1731018
2930,1729605
18047,1770491
18047,1729605
2932,1729019
2933,1734677
2934,1734701
2935,1734701
2936,1735429
2937,1723127
2938,1723127
2939,1723127
2940,1723127
2941,1729695
2942,1729695
2943,1673374
2944,1674178
2945,1725921
2946,1770818
2947,1734688
2948,1632607
2949,1734688
2950,1726520
2951,1734688
17589,1728180
17590,1673844
17591,1722487
17592,1725884
17593,1730105
17594,1730472
17595,1770389
17596,1670504
17597,1734831
17598,1729040
17599,1735743
17600,1674003
17601,1674582
17602,1670504
17603,1670020
17604,1629445
17605,1730908
17606,1771480
17607,1733239
17608,1730930
17609,1727671
17610,1733239
17611,1727875
17612,1674444
17613,1725813
17614,1770034
17615,1733666
17616,1523320
17617,1730930
17618,1771363
17619,1673699
17620,1725925
17621,1722329
17622,1729008
17623,1771418
17624,1522434
17625,1770417
17626,1631507
17627,1770644
17628,1725854
17629,1724775
17630,1770249
17631,1673907
17632,1729838
17633,1733887
17634,1724966
17635,1723102
17636,1731097
17637,1731097
17638,1771172
17639,1771172
17643,1771172
17644,1671020
17645,1734398
17646,1770584
17647,1770065
17648,1725422
17649,1770285
17650,1771295
17651,1522160
17652,1770285
17653,1725422
17654,1770065
17655,1674444
17656,1670581
17657,1771295
17658,1725422
17659,1670581
17660,1727901
17661,1770065
17662,1735426
17663,1724966
17664,1734402
17665,1771295
#N/A,1771295
17666,1734818
17667,1729040
17668,1724247
17669,1670314
17670,1673513
17671,1522008
17672,1674203
17673,1730286
17674,1729872
17675,1674365
17676,1724247
17677,1729040
17678,1730926
17679,1734818
17680,1674365
17681,1729872
17682,1730286
17683,1734402
17684,1670314
17685,1673513
17686,1730286
17687,1624793
17688,1727885
17689,1673513
17690,1670314
17691,1729872
17692,1729040
17693,1633551
17694,1734402
17695,1724247
17696,1731905
17697,1734818
17698,1734818
17699,1735869
17700,1674484
17701,1722443
17702,1722443
17703,1722443
17704,1673312
17705,1722443
17706,1624646
17707,1624646
17719,1726755
17719,1770802
17719,1770105
17719,1729849
17709,1771305
17710,1771305
17711,1737160
17712,1737160
17713,1735343
17714,1732800
17715,1732800
17716,1628342
17717,1673512
17718,1629245
18126,1674383
18126,1673875
17720,1729048
17721,1770792
17722,1770792
17723,1671020
17724,1734398
17725,1646507
17726,1522116
17727,1670129
17728,1731819
17729,1770900
17730,1670129
17731,1722819
17732,1735933
17733,1526215
17734,1526215
17735,1531360
17736,1725854
17737,1725854
3102,1724247
17739,1727901
17740,1727901
17741,1724775
17742,1727901
17743,1727895
17744,1724775
17745,1729872
17746,1673335
17747,1735269
17748,1673604
17749,1724775
17750,1730033
17751,1724775
17752,1730286
17426,1522897
17426,1673335
17426,1673604
17428,1522897
17428,1673335
17428,1673604
17429,1522897
17429,1673335
17429,1673604
17756,1734402
17757,1523576
17758,1734818
17759,1771480
17760,1673513
17761,1771480
17762,1770064
17763,1674365
17764,1673216
17765,1673235
17766,1670314
17767,1724237
17768,1628686
3133,1724794
17770,1727895
17771,1673235
17772,1727895
17773,1727895
17774,1522189
17775,1522189
17776,1522189
17777,1522189
#N/A,1671020
17778,1671020
17779,1729743
17780,1729743
17781,1623142
17782,1626971
17783,1730804
17784,1725448
17785,1725750
17786,1724247
17787,1729040
17788,1729048
17789,1670020
17790,1629445
17791,1725813
17792,1737091
17793,1770034
17794,1727875
17795,1737091
17796,1737091
17797,1731292
17798,1770259
17799,1726100
17800,1674003
17801,1722277
17802,1727671
17803,1729128
17804,1674582
17805,1733666
17806,1733666
17807,1674579
17809,1674747
17810,1730981
17811,1734322
17812,1725754
17424,1722732
17424,1725598
17424,1732843
17814,1736586
17815,1734245
17816,1674479
17817,1729849
17818,1730981
17819,1770064
17820,1674579
17821,1674479
17822,1735269
17823,1770536
17824,1770004
17825,1770025
17826,1727758
17827,1673676
17828,1673103
3194,1771477
3195,1726755
3196,1624894
3197,1673477
17833,1770580
17834,1671165
17431,1723147
17431,1727872
17431,1733230
17836,1674501
17837,1670303
17838,1535189
17839,1729872
17840,1734277
17841,1730286
17842,1734402
17843,1670494
17844,1734818
17845,1770058
17846,1673513
17847,1727671
17848,1770174
17849,1733666
17850,1674365
17851,1770034
17852,1629445
17853,1771067
17854,1670314
17855,1725813
17856,1674582
17857,1670020
17858,1727875
17859,1674003
17860,1770058
17861,1735933
17862,1770536
17863,1673041
17864,1725203
#N/A,1723147
17865,1723147
17866,1673041
17867,1670706
17868,1725403
17869,1673197
17870,1770004
17871,1726572
17872,1727872
17873,1673197
17874,1770004
17875,1733535
17876,1674361
17877,1729249
17878,1735933
17879,1670639
17880,1730903
17881,1673362
17882,1673355
17883,1670706
17884,1670494
17885,1670129
17886,1673006
17887,1670581
17888,1673041
17889,1733132
17890,1770536
17891,1723473
17892,1723473
17893,1733239
17894,1674444
17895,1522017
17896,1770025
17897,1673362
17898,1522017
3265,1625304
17900,1771067
17901,1770174
17902,1770174
17903,1770025
17904,1628341
17905,1730327
17906,1673923
17907,1735614
17908,1730082
17909,1735051
17910,1670120
17911,1729907
2827,1734677
2827,1723127
2827,1727052
2827,1729019
2827,1731018
2827,1734701
2827,1735429
17913,1670778
17914,1523982
17708,1729624
17708,1731629
17708,1731730
17708,1734721
17916,1723492
17917,1670778
17918,1674156
17919,1673604
17920,1734355
17921,1727052
17922,1674550
17923,1673335
17924,1723504
17925,1723127
17926,1723127
17927,1770584
17928,1735711
17929,1733625
17930,1731022
17931,1735051
17932,1734677
17933,1733230
17934,1735386
17935,1732154
3302,1723492
17937,1730033
17938,1731292
17939,1735429
17940,1731018
17941,1722378
17942,1770196
18263,1623032
18263,1670120
18263,1735614
17944,1725598
17945,1770444
17946,1726047
17947,1673784
17948,1726047
17949,1729019
17950,1734355
17951,1725598
17952,1523982
17953,1729177
17467,1725813
17467,1727671
17467,1727875
17467,1733666
17955,1674794
17956,1674794
17957,1729695
17958,1734701
17959,1726385
17960,1522897
17961,1732843
17962,1730033
17963,1770152
17964,1673604
17965,1673335
17966,1726720
17967,1770444
17968,1673784
17969,1674550
17970,1522158
17971,1670020
17972,1723609
17973,1631970
17974,1730818
17975,1522897
17976,1726292
17977,1631970
17978,1522158
17979,1722732
17980,1673700
17981,1735235
17982,1725813
17983,1673700
17984,1729743
17985,1735582
17986,1723492
17987,1673700
17988,1727875
17989,1729743
17990,1674309
17991,1726092
17992,1726066
17993,1724349
17994,1629445
17995,1727811
17243,1674422
17243,1674567
17243,1673700
17243,1737091
17243,1770152
17243,1726047
17243,1722378
17243,1731292
17243,1670113
17243,1726092
17997,1733666
17998,1727811
17999,1674479
18000,1727811
18001,1674582
18002,1770034
18003,1727811
18004,1727671
18005,1725352
18006,1724349
18007,1674538
18008,1724349
18009,1724349
18010,1628342
18011,1673013
18012,1770584
18013,1674003
18014,1735480
18015,1631507
18016,1674579
18017,1622535
18018,1724349
18019,1629879
3386,1673822
18021,1673822
18022,1770249
18023,1736166
18024,1722329
18025,1727921
18026,1730981
18027,1522189
18028,1646507
18029,1522189
3396,1628342
18031,1673555
18032,1722287
18033,1629312
18034,1674014
18035,1674506
18036,1673250
18037,1529748
18038,1674112
18039,1727649
18040,1673526
17321,1674112
17321,1674014
18041,1734695
18042,1674579
18043,1732801
3410,1522434
17324,1734695
17324,1723321
17324,1733753
18046,1674479
17292,2
17292,0
17292,1
17292,6
17292,2
17292,8
17292,3
17292,4
17292,2
17292,
17292,L
17292,E
17292,Ó
17292,N
17292,
17292,P
17292,O
17292,L
17292,O
17292,
17292,M
17292,A
17292,R
17292,Í
17292,A
17292,
17292,P
17292,A
17292,U
17292,L
17292,A
17293,2
17293,0
17293,1
17293,6
17293,2
17293,8
17293,3
17293,4
17293,2
17293,
17293,L
17293,E
17293,Ó
17293,N
17293,
17293,P
17293,O
17293,L
17293,O
17293,
17293,M
17293,A
17293,R
17293,Í
17293,A
17293,
17293,P
17293,A
17293,U
17293,L
17293,A
18049,1770417
18050,1727758
18051,1771418
17326,1673006
17326,1725403
18053,1770249
18054,1770249
18055,1730490
18056,1727874
18057,1727889
18058,1727347
18059,1727889
18060,1725299
18061,1723248
18062,1734092
18063,1735875
18064,1730490
18065,1729904
18066,1770644
18067,1770644
17244,1722287
17244,1646507
17244,1674506
17244,1673902
17244,1622535
18069,1522371
18070,1770644
18071,1674547
18072,1522169
18073,1670222
18074,1670013
18075,1670013
18076,1770462
18077,1670013
18078,1670013
18079,1735909
18080,1535219
18081,1535219
18082,1630199
18083,1670375
18084,1670375
18085,1670375
18086,1725229
3453,1725229
18088,1673715
18089,1725229
18090,1726816
18091,1734355
18092,1725229
18093,1734040
18094,1531360
18095,1531360
18096,1673312
18097,1630199
18098,1735875
18099,1673955
18100,1770249
18101,1723127
18102,1729904
18103,1730190
18104,1674324
18105,1735429
18106,1735637
3473,1674764
3474,1729177
18109,1673103
3476,1734677
18111,1727052
18112,1729019
18113,1729019
18114,1729019
18115,1729019
18116,1770359
18117,1731018
18118,1734701
18119,1729695
18120,1673680
18121,1673146
18122,1674002
18123,1771070
18124,1730082
18125,1673103
18132,1673822
18132,1673230
18173,1673822
18173,1673230
18227,1673822
18227,1673230
18129,1735071
18130,1730343
18131,1529933
18068,1770255
18068,1731886
18068,1735201
18068,1722443
#N/A,1673676
18133,1673676
18134,1674470
18135,1674211
18136,1735201
18137,1673847
18138,1722443
18139,1633549
18140,1674547
18141,1674411
18142,1770255
18143,1737160
18144,1673192
18145,1724237
18146,1734040
18147,1734559
18148,1771337
18149,1771337
18150,1673216
18151,1725435
18152,1771414
18153,1623270
18154,1723757
18155,1628686
18156,1674549
18157,1735269
18158,1673216
18159,1725598
18160,1633549
18161,1670222
18162,1673508
3530,1735386
18164,1670032
18165,1632215
18166,1670032
18167,1723248
18168,1735582
18169,1630350
18170,1670286
18171,1733887
18172,1734127
17430,1624793
17430,1673192
17430,1674211
17430,1632215
17430,1670286
17430,1673508
18174,1732843
18175,1725921
18176,1725299
18177,1770064
18178,1723102
18179,1673235
18180,1770064
18181,1628686
18182,1725921
3550,1673235
18184,1723102
18185,1670222
18186,1724237
18187,1724237
18188,1724794
18189,1735743
18190,1673715
18191,1673041
18192,1727871
3560,1727871
18194,1670504
18195,1730404
18196,1724794
18197,1628686
18198,1733239
18199,1673216
18200,1670129
18201,1725750
18202,1735933
18203,1771510
18204,1723102
#N/A,1723102
18205,1558550
18206,1727870
18207,1674358
18208,1724794
18209,1735743
18210,1558551
18211,1729865
18212,1730645
18213,1670419
18214,1674632
18215,1731846
18216,1731410
18217,1674474
18218,1558552
18219,1727208
18220,1723523
18221,1726856
18222,1522175
18223,1725884
18224,1731846
18225,1674444
18226,1729838
17274,2
17274,0
17274,1
17274,7
17274,7
17274,0
17274,4
17274,8
17274,7
17274,
17274,A
17274,N
17274,G
17274,H
17274,I
17274,E
17274,
17274,L
17274,I
17274,Z
17274,E
17274,T
17274,H
17274,
17274,D
17274,I
17274,A
17274,Z
17274,
17274,B
17274,O
17274,L
17274,A
17274,Ñ
17274,O
17274,S
18228,1670581
18229,1731846
18230,1558553
18231,1725884
18232,1670504
18233,1674416
18234,1730368
18235,1770008
18236,1673844
18237,1673844
18238,1733239
18239,1673235
18240,1729904
18241,1730976
18242,1723033
18243,1735933
18244,1674753
18245,1723033
18246,1673197
18247,1670706
18248,1730404
18249,1771456
18250,1673876
18251,1673078
18252,1674452
18253,1670129
18254,1734820
18255,1673041
18256,1724812
18257,1724812
18258,1673485
18259,1624705
18260,1770487
18261,1673363
18262,1771172
17912,1674547
17912,1630199
17912,1673715
17912,1734040
17912,1735071
18264,1724301
18265,1734662
18266,1673078
18267,1730645
18268,1673216
18269,1734715
18269,1734822
18270,1628686
18271,1673235
18272,1724237
18273,1770389
18274,1673087
18275,1731690
18276,1733171
18277,1733171
18278,1733171
3647,1730197
18280,1670509
18281,1525225
18282,1624675
18283,1522165
18284,1670133
18285,1728114
18286,1730218
18287,1730218
18288,1727299
18289,1670029
18290,1670964
18291,1670964
18292,1730922
18293,1733668
18294,1771328
#N/A,1771328
18295,1736166
18296,1673013
18297,1724861
18298,1723265
18299,1771328
18300,1725934
18301,1630340
18302,1724233
18303,1622535
18304,1722287
18305,1673477
18306,1522160
18307,1522160
18308,1727762
18309,1770285
18310,1771295
18311,1725422
18312,1674383
18313,1673875
18314,1522008
18315,1726431
18316,1674508
18317,1674508
18318,1674508
18319,1770437
18320,1727707
18321,1770437
18322,1729322
18323,1674506
18324,1673902
18325,1771456
18326,1670419
18327,1730981
18328,1770487
17252,2
17252,0
17252,1
17252,6
17252,7
17252,4
17252,4
17252,1
17252,6
17252,
17252,A
17252,N
17252,A
17252,
17252,C
17252,R
17252,I
17252,S
17252,T
17252,I
17252,N
17252,A
17252,
17252,M
17252,O
17252,N
17252,C
17252,A
17252,Y
17252,O
17252,
17252,R
17252,I
17252,A
17252,S
17252,C
17252,O
17252,S
18330,1770008
18331,1674579
18332,1734822
18333,1734715
18334,1631194
18335,1673374
18336,1770483
18337,1673713
18338,1522177
18339,1674178
18340,1726531
18341,1725854
18342,1527991
18343,1558551
18344,1730204
18345,1529058
18346,1726856
17466,1735136
18348,1529058
18349,1670028
18350,1670028
18351,1623046
18352,1670841
18353,1770283
18354,1673446
18355,1623716
18356,1733929
18357,1727066
3727,1631194
18359,1733753
18360,1733753
18361,1770802
18361,1770802
18362,1622400
18363,1623209
18364,1723562
18365,1670321
18366,1622400
18367,1673095
18368,1731776
18369,1670585
18370,1630350
18371,1673752
18372,1673752
18373,1729863
18374,1622400
18375,1770271
18376,1673018
18377,1771314
18378,1725110
18379,1624955
18380,1727963
18381,1731055
18382,1771314
18383,1771314
18384,1771314
18385,1771314
18386,1771314
18387,1731267
18388,1731267
18389,1770491
18390,1724684
18391,1731546
18392,1624979
18393,1725928
18394,1727887
18395,1726723
18396,1629846
18397,1674751
18398,1770789
18399,1770789
18400,1724705
18401,1645277
18402,1673512
18403,1724674
18404,1630153
18405,1733640
18406,1732800
18407,1670197
18408,1729048
18409,1730926
18410,1729048
18411,1730204
18412,1670351
18413,1728058
17477,1670841
18415,1735136
18416,1735699
18417,1558551
18418,1674299
18419,1670028
18420,1674416
3118,1770227
3118,1730368
3118,1726265
3118,1731410
3118,1734367
17755,1770227
17755,1730368
17755,1726265
17755,1731410
17755,1734367
18421,1670419
18422,1770487
18423,1673907
18424,1673907
18425,1734662
18426,1673907
18427,1673157
18428,1673907
18429,1734355
18430,1770584
18431,1734355
18432,1673312
18433,1673312
18434,1670641
18435,1770644
18436,1770644
18437,1726520
18438,1726520
18439,1733887
3809,1726055
18441,1733887
3811,1734263
18443,1770153
18444,1674668
#N/A,1674668
17432,1723147
17432,1727872
17432,1733230
18445,1674742
#N/A,1674742
18446,1729838
3818,1630340
18448,1727208
18449,1624646
18450,1624646
18451,1729849
18452,1771305
18453,1770536
18454,1725934
18455,1770105
18456,1770174
18457,1674550
18458,1673362
18459,1674444
18460,1673784
18461,1673197
18462,1522158
18463,1631970
18464,1727949
18465,1632607
18466,1734924
18467,1673010
18468,1770283
18469,1624955
18470,1734277
18471,1523982
18472,1673446
3844,1770444
18474,1730992
18475,1735092
18476,1522897
18477,1770283
18478,1770283
18479,1735875
18480,1723321
18481,1673335
18482,1673604
18483,1622214
18484,1674124
18485,1771067
18486,1727874
18487,1771295
18488,1770536
18489,1770174
18490,1673507
18491,1734819
18492,1522371
18493,1770058
18494,1771067
18495,1728180
18496,1770900
18497,1730804
18498,1522115
18499,1673507
18500,1522792
2581,1770008
2581,1771456
18501,1727889
18502,1674637
18503,1525450
18504,1522792
18505,1670352
18506,1731097
18507,1731097
18508,1670585
18509,1629656
18510,1673095
18511,1622400
18512,1626980
18513,1522175
18514,1522188
18515,1730801
18516,1730801
18517,1626980
18518,1734822
18519,1670321
17835,1734662
17835,1734715
18520,1626980
18521,1622214
18522,1734092
18523,1670032
18524,1730887
18525,1730887
18526,1771363
3898,1722329
18528,1731776
18529,1673010
18530,1730992
18531,1730992
18532,1770271
18533,1734831
18534,1727871
18535,1670687
3907,1730033
18537,1725110
18538,1770283
18539,1724625
3911,1558550
18541,1529058
18542,1558551
3914,1558552
18544,1558553
18545,1770669
18546,1725445
18547,1670303
18548,1625513
18549,1623142
18550,1723033
18551,1731819
18552,1734398
18553,1734433
18554,1770389
18555,1624705
18556,1771172
18557,1771172
18558,1623046
18559,1673808
18560,1673808
18561,1755879
18562,1755879
18563,1522317
18564,1730801
18565,1730801
18566,1730801
18567,1730801
18568,1730801
18569,1730801
18570,1735343
18571,1671111
18572,1771041
18573,1674501
18574,1724357
18575,1731387
18576,1731988
18577,1671165
18578,1770058
18579,1673103
18580,1731243
18581,1734559
18582,1730524
18583,1673610
18584,1624705
18585,1723504
18586,1771477
18587,1725203
18588,1670120
18589,1726720
18590,1624894
18591,1522167
18592,1735614
18593,1726720
18594,1522017
18595,1633549
3967,1730887
18597,1729040
18598,2
18598,0
18598,1
18598,6
18598,7
18598,4
18598,7
18598,6
18598,4
18598,
18598,D
18598,A
18598,N
18598,I
18598,E
18598,L
18598,A
18598,
18598,G
18598,R
18598,I
18598,S
18598,A
18598,L
18598,E
18598,S
18598,
18598,P
18598,R
18598,A
18598,D
18598,O
18599,1724247
18600,1729872
18601,1730286
18602,1734402
3974,1735201
18604,1734818
3976,1735201
3977,1735201
18607,1735201
18608,1770255
18609,1770255
18610,1770255
18611,1734694
18612,1727073
18613,1734694
18614,1731886
18615,1731886
18616,1731022
18617,1523052
18618,1535189
18619,1734427
18620,1674359
18621,1734427
18621,1735343
18621,1523052
18621,1734433
18622,1724812
18622,1724299
18623,1730169
18624,1770359
18624,1771070
18624,1734127
18625,1632607
18626,1734874
18627,1673853
18628,1724301
18629,1724301
18630,1629846
18631,1730939
18632,1645277
18633,1725403
18634,1733535
18635,1733535
18636,1726572
18637,1674361
18638,1624793
18639,1674211
18640,1674211
18641,1730327
18642,1770065
18643,1673857
18644,1673857
18645,1771206
18646,1771206
18647,1734767
18648,1734213
18649,1734677
18650,1673847
18651,1670707
18652,1674411
18653,1673192
18654,1673192
18655,1730849
18655,1735017
18655,1735713
18656,1735017
18657,1674549
18658,1674438
18659,1674014
18660,1623129
18661,1623540
18662,1673508
18663,1623129
18664,1727649
18665,1632215
18666,1730849
18667,1673612
18668,1770818
18669,1529748
18670,1729460
18671,1623547
18672,1623547
18673,1727638
#N/A,1727638
4046,1727638
18674,1623129
18675,1623129
18676,1623129
18677,1770769
4051,1670641
18679,1770140
4053,1670641
4054,1670641
18682,1670641
18683,1770229
18684,1770600
18685,1725707
#N/A,1725707
18686,1670641
18687,1722732
18687,1725598
18687,1725886
18687,1735235
18687,1735386
18688,1723609
4063,1722732
4063,1725598
4063,1732843
4063,1735235
4064,1722732
4064,1725598
4064,1732843
4064,1735235
18691,1725886
18692,1674637
18693,1525450
18694,1673095
18695,1673095
#N/A,1622400
18696,1622400
18697,1732843
4073,1674438
18699,1723609
18700,1723127
4076,1723127
4077,1726385
4078,1734163
4079,1734819
18705,1735713
18706,1727052
18707,1735017
18708,1727874
18709,1726292
18710,1734874
18711,1522792
18711,1727874
18711,1727889
18711,1730490
18711,1734092
18712,1735017
18713,1729019
18714,1734874
18715,1735017
18716,1727874
18717,1735713
18718,1735017
18719,1731018
18720,1730849
18722,1735429
18721,1735429
18723,1735429
18724,1730849
18725,1729695
18726,1725435
18727,1734695
18728,1735017
18729,1730490
18730,1735713
18731,1735582
18732,1735713
18733,1735235
18734,1670015
18735,1725352
18736,1725352
18737,1722732
18738,1734092
18739,1622214
18740,1629879
18741,1725598
18742,1674358
18743,1673374
18744,1674478
18745,1673713
18746,1730105
18747,1730105
18748,1734831
18749,1734721
18750,1674178
18750,1730105
18750,1725884
18751,1731266
18752,1770196
18753,1770196
18754,1673770
18755,1674017
18756,1734721
18757,1731142
18757,1674271
18757,1674208
18757,1673770
18757,1731266
18758,1731142
18758,1674208
18758,1673770
18758,1731266
18759,1522188
18760,1522188
18761,1670352
18762,1670321
18763,1674632
18764,1724739
18765,1674271
18766,1673923
18767,1674142
18768,1733205
18769,1733205
18770,1734711
18771,1727114
18772,1735051
18773,1646507
18774,1673902
18775,1673902
18776,1674753
18777,1674298
18778,1674753
18779,1673013
18780,1673013
18781,1673013
18782,1722287
18783,1673146
18784,1722287
18785,1622535
18786,1622535
18787,1622535
18788,1730957
18789,1646507
18790,1646507
18791,1674506
18792,1673513
18793,1674365
18794,1734134
18795,1674452
18796,1670314
18797,1674547
18798,1728058
18799,1736586
18800,1630199
18801,1770227
18801,1728058
18801,1734367
18801,1734654
18802,1730368
18803,1770227
18804,1770580
18805,1735071
18806,1632741
18807,1674427
18808,1631194
18809,1730368
18810,1623716
18811,1630153
18811,1674751
18811,1670197
18812,1670020
18813,1629445
18814,1674003
18815,1674538
18816,1770034
18817,1771456
18818,1735480
18819,1770008
18820,1725813
18821,1727671
18822,1674751
18823,1673772
18824,1770008
18825,1727875
18826,1770008
18827,1733666
18828,1735334
18829,1674582
18830,1770487
18831,1674474
18832,1770487
18833,1673363
18834,1734134
18835,1674358
18835,1674632
18835,1674474
18835,1673363
18835,1724301
18835,1674478
18836,1734775
18837,1724674
18838,1632741
18839,1632741
18840,1670326
18841,1630153
18842,1670197
18843,1674427
18844,1632741
18845,1724705
18846,1674753
18847,1671091
18848,1736166
18849,1770491
18850,1670581
18851,1670706
18852,1673041
18853,1670504
18854,1733239
18855,1735933
18856,1723033
18857,1670129
18858,1730404
18859,1723523
18860,1726856
#N/A,1770053
18861,1770053
18862,1674309
18863,1731055
18864,1724684
18865,1673018
18866,1771172
18867,1771172
18868,1770004
18869,1770536
18870,1730818
18871,1628342
18872,1629312
18873,1674479
18874,1771418
18875,1727921
18876,1727758
18877,1770417
18878,1771363
18879,1722329
18880,1631507
18881,1631507
18882,1723492
18883,1673907
#N/A,1673907
18884,1770058
4262,1723473
18886,1735996
18887,1729849
18888,1723147
18889,1770025
18890,1670136
18891,1724119
18892,1770105
18893,2
18893,0
18893,1
18893,7
18893,2
18893,4
18893,2
18893,7
18893,5
18893,
18893,D
18893,A
18893,N
18893,I
18893,E
18893,L
18893,
18893,F
18893,E
18893,L
18893,I
18893,P
18893,E
18893,
18893,R
18893,U
18893,I
18893,Z
18893,
18893,Z
18893,Ú
18893,Ñ
18893,I
18893,G
18893,A
18894,2
18894,0
18894,1
18894,7
18894,2
18894,4
18894,2
18894,7
18894,5
18894,
18894,D
18894,A
18894,N
18894,I
18894,E
18894,L
18894,
18894,F
18894,E
18894,L
18894,I
18894,P
18894,E
18894,
18894,R
18894,U
18894,I
18894,Z
18894,
18894,Z
18894,Ú
18894,Ñ
18894,I
18894,G
18894,A
#N/A,1727872
18895,1727872
18896,2
18896,0
18896,1
18896,7
18896,2
18896,4
18896,2
18896,7
18897,2
18896,5
18897,0
18897,1
18896,
18896,D
18897,7
18896,A
18897,2
18896,N
18897,4
18896,I
18897,2
18896,E
18897,7
18897,5
18896,L
18897,
18896,
18896,F
18897,D
18897,A
18896,E
18897,N
18896,L
18897,I
18896,I
18897,E
18896,P
18896,E
18897,L
18896,
18897,
18896,R
18897,F
18896,U
18897,E
18896,I
18897,L
18896,Z
18896,
18897,I
18896,Z
18897,P
18896,Ú
18897,E
18896,Ñ
18897,
18896,I
18897,R
18896,G
18896,A
18897,U
18897,I
18897,Z
18897,
18897,Z
18897,Ú
18897,Ñ
18897,I
18897,G
18897,A
18898,1623142
4277,1733132
4278,1730992
4279,1673010
#N/A,1733230
4280,1733230
#N/A,1733230
18903,1727963
18904,1624955
18905,1674550
18906,1770900
#N/A,1770900
18907,1673752
18908,1673784
18909,1725110
18909,1727963
18909,1770271
18909,1770283
18909,1771314
18909,1673752
18910,1730082
18911,1674324
18912,1674324
18913,1771067
18914,1770536
18915,1730169
18916,1736848
18917,1670303
18918,1730204
18919,1735343
18920,1527991
18921,1674299
18922,1735987
18922,1731846
18923,1670841
18924,1674359
18925,1730204
18925,1735136
18925,1736848
18926,1632078
18927,1770818
18928,1673477
18929,1734277
18930,1733535
18931,1673013
18932,1725928
18933,1725928
18934,1646507
18935,1735269
18936,1770789
18937,1628686
18938,1770064
18939,1725750
18940,1724794
18941,1731921
18942,1735269
18943,1735909
18944,1724237
18945,1725750
18946,1724625
18947,1725750
18948,1725928
18949,1729048
18950,1770483
18951,1729048
18952,1770789
18953,1770792
18954,1623716
18955,1770792
18956,1770025
18957,1670494
18958,1770304
18959,1523052
18960,1535189
18961,1673610
18962,1624705
18963,1729838
18964,1674506
18965,1722287
18966,1725448
18967,1734721
18968,1725448
18969,1734711
18970,1727871
18971,1727871
18972,1725928
18973,1674156
18974,1730981
18975,1727871
18976,1673955
18977,1725925
18978,1674479
18979,1722329
18980,1727758
18981,1631507
18982,1771418
18983,1770417
18984,1725925
18985,1673103
18986,1727921
18987,1725925
18988,1524905
#N/A,1524905
18989,1725925
18990,1725925
18991,1725925
18992,1727758
18993,1722329
18994,1631507
#N/A,1727921
18995,1727921
18996,1735875
#N/A,1730992
18997,1730992
18998,1770644
18999,1724966
19000,1673087
19001,1673844
19002,1734398
19003,1674794
19004,1674002
19005,1730190
19006,1674002
19006,1674309
19006,1673680
19006,1730082
19006,1730190
19006,1730818
19007,1674002
19007,1674309
19007,1673680
19007,1730082
19007,1730190
19007,1730818
19008,1674002
19008,1674309
19008,1673680
19008,1730082
19008,1730190
19008,1730818
19009,1726755
19010,1771305
19011,1771305
19012,1724233
19013,1724233
19014,1725203
19015,1733142
19016,1725172
19017,1558550
19018,1558552
19019,1755879
19020,1674324
19021,1558553
19022,1771477
19023,1723453
19024,1730804
19025,1673853
19026,1671165
19027,1632607
19028,1734427
19029,1558551
19030,1673355
19031,1674361
19032,1674361
19033,1726066
19034,1726066
19035,1725403
19036,1673313
19037,1725403
19038,1733535
19039,1673313
19040,1726572
19041,1729711
19042,1673313
19043,1673313
19044,1673808
19045,1725934
19046,1725934
19047,1725934
19048,1729907
19049,1729907
19050,1729907
19051,1729907
19052,1729907
19053,1729907
19054,1624704
19055,1624704
19056,1624704
19057,1725028
19058,1727901
19059,1630340
19060,1630340
19061,1670687
19062,1725229
19063,1725404
19064,1725404
19065,1725404
19066,1770285
19067,1725404
19068,1725422
19069,1626971
19070,1626971
19071,1626971
19072,1673902
19073,1673847
19074,1727895
19075,1673192
19076,1670375
19077,1674549
19078,1674411
19079,1727895
19080,1670013
19081,1670286
19082,1622535
19083,1632215
19084,1624793
19085,2
19085,0
19085,1
19085,7
19085,3
19085,6
19085,1
19085,6
19085,6
19085,
19085,S
19085,E
19085,B
19085,A
19085,S
19085,T
19085,I
19085,A
19085,N
19085,
19085,D
19085,I
19085,A
19085,Z
19085,
19085,L
19085,O
19085,P
19085,E
19085,Z
19086,1730645
19087,1733171
19088,1522169
19089,1727874
19090,1522115
19091,1522115
19092,1522165
19093,1522792
19094,1731846
19095,1622214
19096,1673374
19097,1723609
19098,1730645
19099,1674014
19100,1727649
19101,1725598
19102,1726520
19103,1673250
19104,1730365
19105,1722732
19106,1726520
19107,1735582
19108,1735235
19109,1673713
19110,1735582
19111,1732843
19112,1673612
19113,1725435
19114,1529748
19115,1729460
19116,1726572
19117,1670419
19118,1726292
19119,1522175
19120,1770487
19121,1729019
19122,1729019
19123,1734701
19124,1729695
19125,1729177
19126,1735429
19127,1735429
19128,1674298
19129,1729624
19130,1731629
19131,1733625
19132,1735201
19133,1735201
19134,1735201
19135,1770255
19136,1725884
19137,1723321
19138,1737160
19139,1725921
19140,1735743
19141,1730976
19142,1674508
19143,1770255
19144,1730105
19145,1729322
19146,1670015
19147,1734831
19148,1734367
19149,1726431
19150,1674178
19151,1730368
19152,1770223
19153,1730472
19154,1670020
19155,1674178
19156,1731410
19157,1674178
19158,1770227
19158,1729865
19158,1730368
19158,1731410
19158,1734367
19158,1734654
19159,1674582
19160,1770196
19161,1730472
19162,1725352
19163,1623270
19164,1727707
19165,1734245
19166,1522371
19167,1674175
19168,1522371
19169,1730490
19170,1522158
19171,1631970
19172,1727889
19173,1629445
19174,1674003
19175,1726385
19176,1770034
19177,1523982
19178,1725813
19179,1734124
19180,1734124
19181,1770444
19182,1674744
19183,1673830
19184,1674744
19185,1771111
19186,1523212
19187,1522897
19188,1770580
19189,1673335
19190,1673713
#N/A,1725921
19191,1725921
19192,1624892
19193,1725884
19194,1673604
19195,1730033
19196,1726520
19197,1734040
#N/A,1622400
19198,1730105
19199,1622400
19200,1734831
19201,1674550
19202,1673784
19203,1673784
19204,1723248
19205,1674637
19206,1525450
19207,1522158
19208,1673095
19209,1631970
19210,1670352
19211,1523982
19212,1522188
19213,1770444
19214,1522897
19215,1629656
19216,1670585
19217,1673335
19218,1674178
19219,1670351
19220,1730472
19221,1673604
19222,1670351
19223,1674124
19224,1730033
19225,1670351
19226,1673875
19227,1736878
19228,1727875
19229,1733666
19230,1727949
19231,1673876
19231,1673485
19231,1674175
19231,1726431
19231,1727707
19231,1729322
4618,1674416
19233,1674416
19234,1674416
19235,1522175
19236,1673485
19237,1645277
19237,1673507
19237,1674124
19238,1729322
19239,1673507
19240,1734163
19241,1729040
19242,1674579
19243,1726497
19244,1645277
19245,1734819
19246,1725754
19247,1628342
19248,1628342
19249,1724247
19250,1673420
19251,1729872
19252,1673876
19253,1730286
19254,1724357
19255,1734402
19256,1522116
19257,1734818
19258,1673312
19259,1673312
19260,1674297
19261,1674538
19262,1735480
19263,1673822
19264,1724872
19265,1674297
19266,1674297
19267,1674297
19268,1674297
19269,1646507
19270,1674297
19271,1725172
19272,1770644
19273,1673013
19274,1725172
19275,1674297
19276,1674297
19277,1725172
19278,1722287
19279,1724233
19280,1731905
19281,1770644
19282,1725172
19283,1735869
19284,1725172
19285,1770811
4672,1725172
19287,1733929
19288,1771480
19289,1735869
19290,1735869
19291,1725854
19292,1735869
19293,1735869
19294,1725172
19295,1735869
19296,1735869
19297,1732800
19298,1670113
19299,1673312
19300,1732800
19301,1770004
19302,1770004
4689,1673512
19304,1722378
19305,1770152
19306,1726047
19307,1737091
19308,1734355
19309,1734355
19310,1670641
19311,1731267
19312,1725925
19312,1729008
19313,1729008
19314,1673046
19315,1729008
19316,1673420
19317,1673420
4704,1673853
4705,1729008
19320,1729863
19322,1729863
19321,1729863
19323,1729863
19324,1733142
19325,1733142
19326,1729008
19327,1729008
19328,1729008
19329,1733142
19330,1729008
19331,1771347
19332,1771347
19333,1730981
19334,1727762
19335,1727707
19336,1723562
19337,1673759
19338,1673759
19339,1673759
19340,1624793
19341,1726431
19342,1674175
19343,1771347
19344,1771347
19345,1771347
19346,1771347
19347,1771347
19348,1771347
19349,1770271
19350,1726300
19351,1726300
19352,1726300
19353,1726300
19354,1770686
19355,1770686
19356,1770686
19357,1770686
19358,1733142
19359,1735269
19360,1735269
19361,1733142
19362,1673235
19363,1733753
19364,1730204
19365,1730204
19366,1724237
19367,1735269
19368,1527991
19369,1632078
19370,1674299
19371,1734695
19372,1724794
19373,1628686
19374,1670841
19375,1735136
19376,1554636
19377,1554636
19378,1770174
19379,1730404
19380,1735933
19381,1673197
19382,1674444
19383,1730922
19383,1733668
19383,1726127
19384,1733668
19384,1723265
19384,1728114
19385,1728114
19386,1770165
19387,1770802
19388,1722228
19389,1722228
19390,1722228
19391,1770462
19392,1770462
19393,1722228
19394,1722228
19395,1722228
19396,1673513
19397,1730004
19398,1723473
19399,1730004
19400,1674019
19401,1674365
19402,1670044
19403,1770491
19404,1673830
19405,1670314
19406,1627331
19407,1627331
19408,1736126
19409,1633551
19410,1627331
19411,1727921
19412,1771363
19413,1722329
#N/A,1722329
19414,1631507
19415,1730490
19416,1770417
19417,1524905
19418,1770487
19419,1771480
19420,1727889
19421,1771480
19422,1770008
19423,1734822
19424,1727874
19425,1771418
19426,1727758
19427,1734822
19428,1734822
19429,1670029
19430,1522169
19431,1771456
19432,1771456
19433,1734715
19434,1622214
19435,1734715
19436,1734662
19437,1734662
19438,1523576
19439,1731905
19440,1734355
19441,1724299
19442,1770359
19443,1673710
19444,1673230
19445,1770271
19446,1673446
19447,1673446
19448,1673446
19449,1770686
19450,1558622
19452,1558622
19451,1558622
19453,1558622
19454,1730169
19455,1523052
19456,1722356
19457,1554636
19458,1674359
19459,1770283
19460,1733625
19461,1770283
19462,1734711
19462,1734721
19463,1770105
#N/A,1731776
19464,1731776
19465,1724247
19465,1730286
19465,1734402
19465,1734818
19465,1673513
19466,1731776
19467,1724684
19468,1670041
19469,1735614
19470,1670964
19471,1522792
19472,1728180
19473,1728180
19474,1673363
19475,1674632
19476,1674452
19477,1674358
19478,1674474
19479,1724301
19480,1724301
19481,1730327
19482,1730327
19483,1624955
19484,1727901
19485,1670303
19486,1736166
19487,1623142
19488,1523320
19489,1523320
19490,1670585
19491,1525450
19492,1558621
19492,1558622
19492,1558619
19493,1558621
19493,1558622
19493,1558619
19494,1670321
19495,1523320
19496,1558621
19496,1558622
19496,1558619
19497,1622400
19498,1670352
19499,1529058
19500,1670778
19501,1631194
19502,1726531
19503,1673477
19504,1522177
#N/A,1522177
19505,9999999
19506,1623716
19507,1523320
19508,1624955
19509,1623716
19509,1770483
19509,1724625
19509,1529058
19509,1631194
19510,1731886
19511,1771480
19512,1735711
19513,1735996
19514,1724674
4904,1674751
19516,1674427
19517,1724705
19518,9999999
19519,1522017
19520,1734820
19521,1734820
19522,1522017
19523,1734277
19524,1671165
19525,1674579
19526,1633549
19527,1770792
19528,1726572
19529,1723504
19530,1674479
19531,1727073
19532,1633551
19533,1628342
19534,1731022
19535,1770792
19536,1731022
19538,1730396
19538,1731097
19538,1730801
19537,1730396
19537,1731097
19537,1730801
19539,1770789
19540,1673752
19541,1673752
19542,1673715
19543,1674547
19544,1730396
19545,1730396
19546,1730396
19547,1731097
19548,1725886
19549,1730197
19550,1726296