﻿"No. linea - archivo original","No. linea - archivo registros erroneos","No. columna","Nombre Columna","detalle error"
3,2,1,username,"No existe un usuario asociado al username1956801-3841"
14,3,1,username,"No existe un usuario asociado al username1970019-3646"
16,4,1,username,"No existe un usuario asociado al username1726137-3660"
21,5,1,username,"No existe un usuario asociado al username1929925-3841"
26,6,1,username,"No existe un usuario asociado al username1670110-3845"
29,7,1,username,"No existe un usuario asociado al username1744942-3646"
30,8,3,jefe,"No existe un usuario asociado al username1641009-3651"
31,9,3,jefe,"No existe un usuario asociado al username1641009-3651"
33,10,1,username,"No existe un usuario asociado al username1780083-3651"
35,11,1,username,"No existe un usuario asociado al username1741752-3661"
36,12,1,username,"No existe un usuario asociado al username1842510-3661"
37,13,1,username,"No existe un usuario asociado al username1844400-3651"
49,14,1,username,"No existe un usuario asociado al username2022752-2711"
55,15,1,username,"No existe un usuario asociado al username1743675-3740"
57,16,1,username,"No existe un usuario asociado al username1843033-3746"
60,17,1,username,"No existe un usuario asociado al username1725674-3741"
63,18,1,username,"No existe un usuario asociado al username1833796-3751"
71,19,1,username,"No existe un usuario asociado al username1810263-3746"
73,20,1,username,"No existe un usuario asociado al username1723086-3146"
79,21,1,username,"No existe un usuario asociado al username1842924-3753"
82,22,1,username,"No existe un usuario asociado al username1924310-3146"
84,23,1,username,"No existe un usuario asociado al username1729302-3350"
89,24,3,jefe,"No existe un usuario asociado al username1729302-3350"
90,25,3,jefe,"No existe un usuario asociado al username1729302-3350"
91,26,3,jefe,"No existe un usuario asociado al username1729302-3350"
92,27,1,username,"No existe un usuario asociado al username1729881-3491"
92,27,3,jefe,"No existe un usuario asociado al username1729302-3350"
93,28,3,jefe,"No existe un usuario asociado al username1729302-3350"
94,29,3,jefe,"No existe un usuario asociado al username1729302-3350"
97,30,1,username,"No existe un usuario asociado al username1828870-3140"
110,31,1,username,"No existe un usuario asociado al username1824786-3754"
113,32,1,username,"No existe un usuario asociado al username1827194-3753"
117,33,1,username,"No existe un usuario asociado al username1841845-3747"
121,34,1,username,"No existe un usuario asociado al username1643399-3661"
121,34,3,jefe,"No existe un usuario asociado al username1641009-3651"
122,35,1,username,"No existe un usuario asociado al username1629687-3751"
123,36,1,username,"No existe un usuario asociado al username1929413-2635"
123,36,3,jefe,"No existe un usuario asociado al username1729302-3350"
125,37,1,username,"No existe un usuario asociado al username2027749-3746"
133,38,1,username,"No existe un usuario asociado al username1530351-3249"
134,39,3,jefe,"No existe un usuario asociado al username1530351-3249"
135,40,3,jefe,"No existe un usuario asociado al username1530351-3249"
136,41,3,jefe,"No existe un usuario asociado al username1530351-3249"
137,42,3,jefe,"No existe un usuario asociado al username1530351-3249"
138,43,3,jefe,"No existe un usuario asociado al username1530351-3249"
139,44,3,jefe,"No existe un usuario asociado al username1530351-3249"
140,45,1,username,"No existe un usuario asociado al username2023966-3746"
140,45,3,jefe,"No existe un usuario asociado al username1530351-3249"
141,46,3,jefe,"No existe un usuario asociado al username1530351-3249"
142,47,1,username,"No existe un usuario asociado al username1735029-3249"
143,48,3,jefe,"No existe un usuario asociado al username1735029-3249"
144,49,3,jefe,"No existe un usuario asociado al username1735029-3249"
145,50,3,jefe,"No existe un usuario asociado al username1735029-3249"
146,51,3,jefe,"No existe un usuario asociado al username1735029-3249"
147,52,3,jefe,"No existe un usuario asociado al username1735029-3249"
148,53,3,jefe,"No existe un usuario asociado al username1735029-3249"
149,54,3,jefe,"No existe un usuario asociado al username1735029-3249"
150,55,1,username,"No existe un usuario asociado al username1629544-3350"
151,56,3,jefe,"No existe un usuario asociado al username1629544-3350"
152,57,3,jefe,"No existe un usuario asociado al username1629544-3350"
153,58,3,jefe,"No existe un usuario asociado al username1629544-3350"
154,59,1,username,"No existe un usuario asociado al username1629829-3747"
154,59,3,jefe,"No existe un usuario asociado al username1629544-3350"
155,60,1,username,"No existe un usuario asociado al username1735350-3340"
155,60,3,jefe,"No existe un usuario asociado al username1629544-3350"
156,61,1,username,"No existe un usuario asociado al username1931605-3340"
156,61,3,jefe,"No existe un usuario asociado al username1629544-3350"
157,62,1,username,"No existe un usuario asociado al username2023777-3743"
157,62,3,jefe,"No existe un usuario asociado al username1629544-3350"
158,63,3,jefe,"No existe un usuario asociado al username1629544-3350"
161,64,1,username,"No existe un usuario asociado al username1723499-3749"
163,65,1,username,"No existe un usuario asociado al username2024078-3749"
169,66,1,username,"No existe un usuario asociado al usernameingenieria3745"
170,67,3,jefe,"No existe un usuario asociado al username1735029-3249"
177,68,1,username,"No existe un usuario asociado al username1824427-3754"
178,69,1,username,"No existe un usuario asociado al username1822432-3754"
179,70,1,username,"No existe un usuario asociado al username1930773-2635"
179,70,3,jefe,"No existe un usuario asociado al username1729302-3350"
180,71,1,username,"No existe un usuario asociado al username1631686-3754"
182,72,1,username,"No existe un usuario asociado al username1641009-3651"
183,73,3,jefe,"No existe un usuario asociado al username1641009-3651"
184,74,3,jefe,"No existe un usuario asociado al username1641009-3651"
185,75,1,username,"No existe un usuario asociado al username1741079-3648"
185,75,3,jefe,"No existe un usuario asociado al username1641009-3651"
186,76,1,username,"No existe un usuario asociado al username1941600-3646"
186,76,3,jefe,"No existe un usuario asociado al username1641009-3651"
187,77,3,jefe,"No existe un usuario asociado al username1641009-3651"
189,78,1,username,"No existe un usuario asociado al username1842552-3651"
191,79,3,jefe,"No existe un usuario asociado al username1629544-3350"
192,80,1,username,"No existe un usuario asociado al username1825167-3492"
193,81,1,username,"No existe un usuario asociado al username1827046-2131"
201,82,1,username,"No existe un usuario asociado al username1927974-3461"
205,83,1,username,"No existe un usuario asociado al username1944085-3489"
210,84,1,username,"No existe un usuario asociado al username1731513-3249"
213,85,1,username,"No existe un usuario asociado al username2041881-3340"
214,86,1,username,"No existe un usuario asociado al username1927107-3267"
219,87,1,username,"No existe un usuario asociado al username1823697-3545"
220,88,1,username,"No existe un usuario asociado al username2029005-3545"
223,89,1,username,"No existe un usuario asociado al username1843841-3489"
224,90,1,username,"No existe un usuario asociado al username1922311-3550"
226,91,1,username,"No existe un usuario asociado al username1632973-3250"
229,92,1,username,"No existe un usuario asociado al username1823229-3545"
231,93,1,username,"No existe un usuario asociado al username1929855-3461"
238,94,1,username,"No existe un usuario asociado al username2055305-3251"
241,95,1,username,"No existe un usuario asociado al username1731655-3461"
243,96,1,username,"No existe un usuario asociado al username1931916-3745"
