﻿"No. linea - archivo original","No. linea - archivo registros erroneos","No. columna","Nombre Columna","detalle error"
12,2,1,username,"No existe un usuario asociado al username1729302-3350"
18,3,1,username,"No existe un usuario asociado al username1530351-3249"
19,4,1,username,"No existe un usuario asociado al username1735029-3249"
20,5,1,username,"No existe un usuario asociado al username1629544-3350"
22,6,1,username,"No existe un usuario asociado al usernameingenieria3745"
23,7,1,username,"No existe un usuario asociado al username1842427-2711"
25,8,1,username,"No existe un usuario asociado al username1641009-3651"
