﻿username,rol,jefe
1644941-3651,practicante_ps,1113656854
1731267-3660,practicante_ps,1113656854
1643107-3651,practicante_ps,1113656854
1745735-3648,practicante_ps,1113656854
1644550-3651,practicante_ps,1113656854
1710166-3249,practicante_ps,1144148647
1734122-3461,practicante_ps,1144148647
1731498-3461,practicante_ps,1144148647
1827250-3249,practicante_ps,1144148647
1730299-3461,practicante_ps,1144148647
1522371-3754,practicante_ps,38640555
1627015-3744,practicante_ps,38640555
1741096-3745,practicante_ps,38640555
1624631-3754,practicante_ps,38640555
1942816-3411,practicante_ps,1210235-3249
1827571-3249,practicante_ps,1210235-3249
1738625-3748,practicante_ps,38640555
1632995-3250,practicante_ps,1088263882
1730570-3461,practicante_ps,1088263882
1723217-3340,practicante_ps,1088263882
1731524-3252,practicante_ps,1088263882
1735079-3350,practicante_ps,1088263882
1826576-3260,practicante_ps,1088263882
1827779-3249,practicante_ps,1088263882
